,Title,Wage min,Wage max,Currency,Link,Source
0,Аналитик данных / Data Analyst,0,0,0,https://nn.hh.ru/vacancy/69166398?from=vacancy_search_list&query=Data,hh
1,Аналитик данных / Data Analyst,0,0,0,https://nn.hh.ru/vacancy/76869170?from=vacancy_search_list&query=Data,hh
2,Дата-инженер / Data Engineer,130000,0,руб.,https://nn.hh.ru/vacancy/71236005?from=vacancy_search_list&query=Data,hh
3,Продуктовый аналитик-исследователь,150000,0,руб.,https://nn.hh.ru/vacancy/73265382?from=vacancy_search_list&query=Data,hh
4,Financial Specialist (Controlling),180000,250000,руб.,https://nn.hh.ru/vacancy/77005754?from=vacancy_search_list&query=Data,hh
5,Трафик-менеджер,60000,80000,руб.,https://nn.hh.ru/vacancy/76543769?from=vacancy_search_list&query=Data,hh
6,Data Scientist,160000,200000,руб.,https://nn.hh.ru/vacancy/76925483?from=vacancy_search_list&query=Data,hh
7,Data scientist,200000,240000,руб.,https://nn.hh.ru/vacancy/74376536?from=vacancy_search_list&query=Data,hh
8,Data Analyst,2000,5000,USD,https://nn.hh.ru/vacancy/76354970?from=vacancy_search_list&query=Data,hh
9,Data Engineer,5000,6000,USD,https://nn.hh.ru/vacancy/76458638?from=vacancy_search_list&query=Data,hh
10,Data scientist,150000,300000,руб.,https://nn.hh.ru/vacancy/74257661?from=vacancy_search_list&query=Data,hh
11,Senior Data Engineer,5000,6000,USD,https://nn.hh.ru/vacancy/77099714?from=vacancy_search_list&query=Data,hh
12,Junior Data Engineer,0,0,0,https://nn.hh.ru/vacancy/77198401?from=vacancy_search_list&query=Data,hh
13,Data Scientist (удаленно),0,0,0,https://nn.hh.ru/vacancy/76655873?from=vacancy_search_list&query=Data,hh
14,Эконометрист/Data scientist (Junior/Middle) в консалтинг,40000,0,руб.,https://nn.hh.ru/vacancy/75546364?from=vacancy_search_list&query=Data,hh
15,Data Analyst (Remote),3000,4000,USD,https://nn.hh.ru/vacancy/74736549?from=vacancy_search_list&query=Data,hh
16,Data Scientist,0,0,0,https://nn.hh.ru/vacancy/77217750?from=vacancy_search_list&query=Data,hh
17,Data Analyst (Remote),3000,4000,USD,https://nn.hh.ru/vacancy/74736548?from=vacancy_search_list&query=Data,hh
18,Аналитик БД (Junior data analytic),0,0,0,https://nn.hh.ru/vacancy/76855773?from=vacancy_search_list&query=Data,hh
19,Data Engineer,200000,280000,руб.,https://nn.hh.ru/vacancy/77015802?from=vacancy_search_list&query=Data,hh
20,Lead Data Engineer (удаленно),300000,400000,руб.,https://nn.hh.ru/vacancy/76243485?from=vacancy_search_list&query=Data,hh
21,Data-analyst,0,0,0,https://nn.hh.ru/vacancy/76417646?from=vacancy_search_list&query=Data,hh
22,Data Analyst,0,0,0,https://nn.hh.ru/vacancy/74157663?from=vacancy_search_list&query=Data,hh
23,Data scientist / Аналитик риск-моделей,120000,300000,руб.,https://nn.hh.ru/vacancy/77181469?from=vacancy_search_list&query=Data,hh
24,Trainee Data Engineer,0,0,0,https://nn.hh.ru/vacancy/77212010?from=vacancy_search_list&query=Data,hh
25,Data Analyst (middle/senior),2500,3500,USD,https://nn.hh.ru/vacancy/76866211?from=vacancy_search_list&query=Data,hh
26,Data analyst,0,0,0,https://nn.hh.ru/vacancy/75520500?from=vacancy_search_list&query=Data,hh
27,Data Scientist в команду качества геопоиска,0,0,0,https://nn.hh.ru/vacancy/76208597?from=vacancy_search_list&query=Data,hh
28,Специалист по обработке данных по количественным исследованиям / data process / аналитик / research,0,0,0,https://nn.hh.ru/vacancy/76349658?from=vacancy_search_list&query=Data,hh
29,Data analyst / Аналитик данных,90000,0,руб.,https://nn.hh.ru/vacancy/76690668?from=vacancy_search_list&query=Data,hh
30,Data Analyst / Аналитик Bl,0,140000,руб.,https://nn.hh.ru/vacancy/76348422?from=vacancy_search_list&query=Data,hh
31,Lead data scientist,300000,350000,руб.,https://nn.hh.ru/vacancy/76815797?from=vacancy_search_list&query=Data,hh
32,Дата-инженер (DATA Engineer),0,0,0,https://nn.hh.ru/vacancy/77109236?from=vacancy_search_list&query=Data,hh
33,Руководитель направления по данным,400000,0,руб.,https://nn.hh.ru/vacancy/76693747?from=vacancy_search_list&query=Data,hh
34,Data analyst,0,0,0,https://nn.hh.ru/vacancy/77194569?from=vacancy_search_list&query=Data,hh
35,Data scientist/Antifraud analyst,0,0,0,https://nn.hh.ru/vacancy/68898421?from=vacancy_search_list&query=Data,hh
36,Data - analyst / Аналитик данных,270000,350000,KZT,https://nn.hh.ru/vacancy/77187510?from=vacancy_search_list&query=Data,hh
37,Data Engineer,0,0,0,https://nn.hh.ru/vacancy/77210869?from=vacancy_search_list&query=Data,hh
38,Data-analyst,0,0,0,https://nn.hh.ru/vacancy/76084276?from=vacancy_search_list&query=Data,hh
39,Data Engineer,0,0,0,https://nn.hh.ru/vacancy/77210870?from=vacancy_search_list&query=Data,hh
40,Cloud Data Engineer,2000,0,EUR,https://nn.hh.ru/vacancy/77111587?from=vacancy_search_list&query=Data,hh
41,Аналитик данных / Data Scientist,0,0,0,https://nn.hh.ru/vacancy/73728017?from=vacancy_search_list&query=Data,hh
42,Data engineer,0,0,0,https://nn.hh.ru/vacancy/72202928?from=vacancy_search_list&query=Data,hh
43,Data Scientist ядра CVM,0,0,0,https://nn.hh.ru/vacancy/76169521?from=vacancy_search_list&query=Data,hh
44,Аналитик данных / Data Analyst,0,0,0,https://nn.hh.ru/vacancy/77202739?from=vacancy_search_list&query=Data,hh
45,Data Analyst (Аналитик данных),0,0,0,https://nn.hh.ru/vacancy/77090838?from=vacancy_search_list&query=Data,hh
46,Data scientist (time series),0,0,0,https://nn.hh.ru/vacancy/77066869?from=vacancy_search_list&query=Data,hh
47,Senior Data Engineer (Сlickhouse),200000,400000,руб.,https://nn.hh.ru/vacancy/77223139?from=vacancy_search_list&query=Data,hh
48,Assistant Professor - Data Science&AI (eng),0,0,0,https://nn.hh.ru/vacancy/73328471?from=vacancy_search_list&query=Data,hh
49,Marketing Data Researcher,0,0,0,https://nn.hh.ru/vacancy/77134250?from=vacancy_search_list&query=Data,hh
50,Data Scientist,0,0,0,https://nn.hh.ru/vacancy/77079497?from=vacancy_search_list&query=Data,hh
51,Data Engineer,240000,0,руб.,https://nn.hh.ru/vacancy/77019444?from=vacancy_search_list&query=Data,hh
52,Дата-инженер / Data Engineer,100000,250000,руб.,https://nn.hh.ru/vacancy/72852491?from=vacancy_search_list&query=Data,hh
53,Data Science/Data Analyst,0,0,0,https://nn.hh.ru/vacancy/77148399?from=vacancy_search_list&query=Data,hh
54,Middle Data Scientist,0,0,0,https://nn.hh.ru/vacancy/72888902?from=vacancy_search_list&query=Data,hh
55,Data Scientist,0,0,0,https://nn.hh.ru/vacancy/75887064?from=vacancy_search_list&query=Data,hh
56,Аналитик данных/Data analyst,0,0,0,https://nn.hh.ru/vacancy/70985788?from=vacancy_search_list&query=Data,hh
57,Стажер Sberseasons осень 2022 Data Science Новосибирск,0,0,0,https://nn.hh.ru/vacancy/77053286?from=vacancy_search_list&query=Data,hh
58,Data Engineer (GoLang Developer),4000,0,EUR,https://nn.hh.ru/vacancy/77020277?from=vacancy_search_list&query=Data,hh
59,Junior Data Analyst,0,0,0,https://nn.hh.ru/vacancy/76902009?from=vacancy_search_list&query=Data,hh
60,Стажер в IT-рекрутмент,0,0,0,https://nn.hh.ru/vacancy/77133733?from=vacancy_search_list&query=Data,hh
61,Data Engineer,0,0,0,https://nn.hh.ru/vacancy/73888449?from=vacancy_search_list&query=Data,hh
62,Data scientist,0,0,0,https://nn.hh.ru/vacancy/77094397?from=vacancy_search_list&query=Data,hh
63,Data Engineer,4300,0,EUR,https://nn.hh.ru/vacancy/75753374?from=vacancy_search_list&query=Data,hh
64,Data Engineer,0,0,0,https://nn.hh.ru/vacancy/74923706?from=vacancy_search_list&query=Data,hh
65,Operations Analyst,0,0,0,https://nn.hh.ru/vacancy/77139274?from=vacancy_search_list&query=Data,hh
66,Data Engineer,0,0,0,https://nn.hh.ru/vacancy/76146269?from=vacancy_search_list&query=Data,hh
67,Middle Data Engineer / Инженер данных,180000,250000,руб.,https://nn.hh.ru/vacancy/77018834?from=vacancy_search_list&query=Data,hh
68,Аналитик Power BI (iGaming/Betting),0,0,0,https://nn.hh.ru/vacancy/77092567?from=vacancy_search_list&query=Data,hh
69,Data Engineer,0,0,0,https://nn.hh.ru/vacancy/69658696?from=vacancy_search_list&query=Data,hh
70,Data Scientist (Computer Vision),0,0,0,https://nn.hh.ru/vacancy/75656293?from=vacancy_search_list&query=Data,hh
71,Data Architecture Team Lead,6000,0,USD,https://nn.hh.ru/vacancy/76547209?from=vacancy_search_list&query=Data,hh
72,Руководитель практики по управлению данными,0,0,0,https://nn.hh.ru/vacancy/75966854?from=vacancy_search_list&query=Data,hh
73,Data Analyst,0,0,0,https://nn.hh.ru/vacancy/75749099?from=vacancy_search_list&query=Data,hh
74,Data Engineer (DWH),0,0,0,https://nn.hh.ru/vacancy/77122800?from=vacancy_search_list&query=Data,hh
75,Data Scientist senior,0,0,0,https://nn.hh.ru/vacancy/77022996?from=vacancy_search_list&query=Data,hh
76,Senior Product Data Analyst в Поиск и рекомендации (работа в РФ),0,0,0,https://nn.hh.ru/vacancy/76333960?from=vacancy_search_list&query=Data,hh
77,Product Owner (Data),0,0,0,https://nn.hh.ru/vacancy/76503466?from=vacancy_search_list&query=Data,hh
78,ESG/Sustainability Data Analyst (Senior),0,0,0,https://nn.hh.ru/vacancy/76401952?from=vacancy_search_list&query=Data,hh
79,Data Scientist,0,0,0,https://nn.hh.ru/vacancy/76709695?from=vacancy_search_list&query=Data,hh
80,Лидер команды Data-Аналитики,0,0,0,https://nn.hh.ru/vacancy/77005359?from=vacancy_search_list&query=Data,hh
81,Data инженер,0,0,0,https://nn.hh.ru/vacancy/76712805?from=vacancy_search_list&query=Data,hh
82,Data engineer,0,0,0,https://nn.hh.ru/vacancy/77145739?from=vacancy_search_list&query=Data,hh
83,Data аналитик/Аналитик BI,0,0,0,https://nn.hh.ru/vacancy/77223061?from=vacancy_search_list&query=Data,hh
84,Data Scientist,0,0,0,https://nn.hh.ru/vacancy/74047078?from=vacancy_search_list&query=Data,hh
85,Product Analyst,0,0,0,https://nn.hh.ru/vacancy/76434434?from=vacancy_search_list&query=Data,hh
86,Data Scientist,0,0,0,https://nn.hh.ru/vacancy/67054541?from=vacancy_search_list&query=Data,hh
87,Бизнес-аналитик (Big Data),0,0,0,https://nn.hh.ru/vacancy/74377863?from=vacancy_search_list&query=Data,hh
88,Analyst Lead (remote),2500,3500,USD,https://nn.hh.ru/vacancy/77213565?from=vacancy_search_list&query=Data,hh
89,Data архитектор,0,0,0,https://nn.hh.ru/vacancy/76130842?from=vacancy_search_list&query=Data,hh
90,Data scientist,0,0,0,https://nn.hh.ru/vacancy/76934468?from=vacancy_search_list&query=Data,hh
91,Лингвист-аналитик,95000,0,руб.,https://nn.hh.ru/vacancy/71260107?from=vacancy_search_list&query=Data,hh
92,Программист С++ (анализ текстов),160000,0,руб.,https://nn.hh.ru/vacancy/76092291?from=vacancy_search_list&query=Data,hh
93,Team lead data аналитик,0,0,0,https://nn.hh.ru/vacancy/72893267?from=vacancy_search_list&query=Data,hh
94,Data аналитик/Аналитик BI,0,0,0,https://nn.hh.ru/vacancy/77223062?from=vacancy_search_list&query=Data,hh
95,Аналитик (Data Analyst),10000000,0,сум,https://nn.hh.ru/vacancy/76894987?from=vacancy_search_list&query=Data,hh
96,Data Engineer (Комплаенс),0,0,0,https://nn.hh.ru/vacancy/77197696?from=vacancy_search_list&query=Data,hh
97,Data scientist,0,0,0,https://nn.hh.ru/vacancy/76913752?from=vacancy_search_list&query=Data,hh
98,Business Data Engineer,0,0,0,https://nn.hh.ru/vacancy/72563146?from=vacancy_search_list&query=Data,hh
99,Data Engineer,0,0,0,https://nn.hh.ru/vacancy/67854817?from=vacancy_search_list&query=Data,hh
100,Business Data Engineer,0,0,0,https://nn.hh.ru/vacancy/76363320?from=vacancy_search_list&query=Data,hh
101,Client Analyst,0,0,0,https://nn.hh.ru/vacancy/76785474?from=vacancy_search_list&query=Data,hh
102,Chief Data Scientist / DS Team Lead,0,0,0,https://nn.hh.ru/vacancy/75959822?from=vacancy_search_list&query=Data,hh
103,Business Data Engineer,0,0,0,https://nn.hh.ru/vacancy/76888781?from=vacancy_search_list&query=Data,hh
104,Data Analyst,0,0,0,https://nn.hh.ru/vacancy/76966602?from=vacancy_search_list&query=Data,hh
105,Руководитель направления валидации моделей (Data Scientist),0,0,0,https://nn.hh.ru/vacancy/77063344?from=vacancy_search_list&query=Data,hh
106,Аналитик данных / Data Analyst / Data Scientist,80000,0,руб.,https://nn.hh.ru/vacancy/76962324?from=vacancy_search_list&query=Data,hh
107,Data Support Lead (Ташкент),0,0,0,https://nn.hh.ru/vacancy/75908997?from=vacancy_search_list&query=Data,hh
108,Бизнес/системный аналитик (Big Data),0,0,0,https://nn.hh.ru/vacancy/73723760?from=vacancy_search_list&query=Data,hh
109,Дата аналитик/Дата инженер,0,0,0,https://nn.hh.ru/vacancy/76988238?from=vacancy_search_list&query=Data,hh
110,Архитектор данных (Data Governance),0,0,0,https://nn.hh.ru/vacancy/77140177?from=vacancy_search_list&query=Data,hh
111,Data Engineer (PySpark),0,0,0,https://nn.hh.ru/vacancy/77095316?from=vacancy_search_list&query=Data,hh
112,Associate Professor - Data Science&AI (eng),0,0,0,https://nn.hh.ru/vacancy/73328782?from=vacancy_search_list&query=Data,hh
113,Data-инженер,0,0,0,https://nn.hh.ru/vacancy/76966835?from=vacancy_search_list&query=Data,hh
114,Data Engineer,0,0,0,https://nn.hh.ru/vacancy/77019069?from=vacancy_search_list&query=Data,hh
115,Data Scientist,0,0,0,https://nn.hh.ru/vacancy/67136583?from=vacancy_search_list&query=Data,hh
116,Data scientist (Антиспам),0,0,0,https://nn.hh.ru/vacancy/73595622?from=vacancy_search_list&query=Data,hh
117,Data-инженер,0,0,0,https://nn.hh.ru/vacancy/75833712?from=vacancy_search_list&query=Data,hh
118,Инженер - исследователь (Data Science),0,0,0,https://nn.hh.ru/vacancy/77129293?from=vacancy_search_list&query=Data,hh
119,Associate Professor - Data Science&AI (eng),0,0,0,https://nn.hh.ru/vacancy/73328887?from=vacancy_search_list&query=Data,hh
120,Data Analyst,0,0,0,https://nn.hh.ru/vacancy/75912112?from=vacancy_search_list&query=Data,hh
121,Data engineer,0,0,0,https://nn.hh.ru/vacancy/75524554?from=vacancy_search_list&query=Data,hh
122,Middle Python разработчик в Data Quality (Big Data),0,0,0,https://nn.hh.ru/vacancy/77142106?from=vacancy_search_list&query=Data,hh
123,Data-аналитик по прогнозированию и товарному запасу (г. Екатеринбург),0,0,0,https://nn.hh.ru/vacancy/73139271?from=vacancy_search_list&query=Data,hh
124,Data Engineer,0,0,0,https://nn.hh.ru/vacancy/76729345?from=vacancy_search_list&query=Data,hh
125,Data Analyst,0,0,0,https://nn.hh.ru/vacancy/72682205?from=vacancy_search_list&query=Data,hh
126,Аналитик поддержки в Плюс,0,0,0,https://nn.hh.ru/vacancy/76312945?from=vacancy_search_list&query=Data,hh
127,Data Engineer,0,0,0,https://nn.hh.ru/vacancy/77073264?from=vacancy_search_list&query=Data,hh
128,Data scientist (Ценообразование),0,0,0,https://nn.hh.ru/vacancy/76974214?from=vacancy_search_list&query=Data,hh
129,Автор курсов по Data Analytics,0,0,0,https://nn.hh.ru/vacancy/72748493?from=vacancy_search_list&query=Data,hh
130,Разработчик SQL,0,230000,руб.,https://nn.hh.ru/vacancy/77077784?from=vacancy_search_list&query=Data,hh
131,Data Engineer (Backend),0,0,0,https://nn.hh.ru/vacancy/77120466?from=vacancy_search_list&query=Data,hh
132,Data Engineer Junior,0,0,0,https://nn.hh.ru/vacancy/76995236?from=vacancy_search_list&query=Data,hh
133,Data Engineer Middle,0,0,0,https://nn.hh.ru/vacancy/75966983?from=vacancy_search_list&query=Data,hh
134,Product (Data) Analyst,0,0,0,https://nn.hh.ru/vacancy/76924168?from=vacancy_search_list&query=Data,hh
135,Data Engineer,0,0,0,https://nn.hh.ru/vacancy/76291546?from=vacancy_search_list&query=Data,hh
136,Аналитик данных,0,0,0,https://nn.hh.ru/vacancy/76400927?from=vacancy_search_list&query=Data,hh
137,Инженер данных,0,0,0,https://nn.hh.ru/vacancy/73740883?from=vacancy_search_list&query=Data,hh
138,Data Analyst (Розничный блок),0,0,0,https://nn.hh.ru/vacancy/76970572?from=vacancy_search_list&query=Data,hh
139,Tech Lead Data Engineer (Big Data),0,0,0,https://nn.hh.ru/vacancy/73998234?from=vacancy_search_list&query=Data,hh
140,Data Sales Systems Specialist / Специалист по мониторингу систем продаж,0,0,0,https://nn.hh.ru/vacancy/74812674?from=vacancy_search_list&query=Data,hh
141,Data engineer,0,0,0,https://nn.hh.ru/vacancy/75566599?from=vacancy_search_list&query=Data,hh
142,Data architect / Архитектор данных,0,0,0,https://nn.hh.ru/vacancy/76599121?from=vacancy_search_list&query=Data,hh
143,Data Scientist (Middle+),0,0,0,https://nn.hh.ru/vacancy/76916638?from=vacancy_search_list&query=Data,hh
144,Assistant Professor - Data Science&AI (eng),0,0,0,https://nn.hh.ru/vacancy/73328580?from=vacancy_search_list&query=Data,hh
145,Data-инженер,0,0,0,https://nn.hh.ru/vacancy/76888766?from=vacancy_search_list&query=Data,hh
146,Data Quality Analytic (Remote),0,0,0,https://nn.hh.ru/vacancy/77218063?from=vacancy_search_list&query=Data,hh
147,Data Engineer (Middle),100000,0,руб.,https://nn.hh.ru/vacancy/73363987?from=vacancy_search_list&query=Data,hh
148,Data Analyst,0,0,0,https://nn.hh.ru/vacancy/71833309?from=vacancy_search_list&query=Data,hh
149,Data Engineer (DWH),0,0,0,https://nn.hh.ru/vacancy/76225045?from=vacancy_search_list&query=Data,hh
150,Data Analyst,0,0,0,https://nn.hh.ru/vacancy/76965881?from=vacancy_search_list&query=Data,hh
151,Senior Data Engineer (Search),0,0,0,https://nn.hh.ru/vacancy/73118539?from=vacancy_search_list&query=Data,hh
152,"Solution Architect / Presales Expert (BI,Data Governance, Data Quality, Big Data,Machine Learning)",0,0,0,https://nn.hh.ru/vacancy/76084130?from=vacancy_search_list&query=Data,hh
153,Python backend-разработчик в команду Data Science,0,0,0,https://nn.hh.ru/vacancy/77050356?from=vacancy_search_list&query=Data,hh
154,Data analyst,2500,6000,USD,https://nn.hh.ru/vacancy/76735583?from=vacancy_search_list&query=Data,hh
155,Стажер Data Scientist,0,0,0,https://nn.hh.ru/vacancy/76705049?from=vacancy_search_list&query=Data,hh
156,Scala Data Engineer,0,0,0,https://nn.hh.ru/vacancy/77215006?from=vacancy_search_list&query=Data,hh
157,Data Analyst / Аналитик данных,0,150000,руб.,https://nn.hh.ru/vacancy/76784959?from=vacancy_search_list&query=Data,hh
158,Data engineer на продукт tNPS - измерение клиентского опыта (Big Data),0,0,0,https://nn.hh.ru/vacancy/76921603?from=vacancy_search_list&query=Data,hh
159,Master Data Expert,0,0,0,https://nn.hh.ru/vacancy/76876169?from=vacancy_search_list&query=Data,hh
160,ML engineer/Data engineer,0,0,0,https://nn.hh.ru/vacancy/72373055?from=vacancy_search_list&query=Data,hh
161,Business Analyst Lead (remote),2500,3500,USD,https://nn.hh.ru/vacancy/77198434?from=vacancy_search_list&query=Data,hh
162,Бизнес-аналитик,180000,240000,руб.,https://nn.hh.ru/vacancy/76950443?from=vacancy_search_list&query=Data,hh
163,Аналитик Power BI,0,0,0,https://nn.hh.ru/vacancy/77130018?from=vacancy_search_list&query=Data,hh
164,Python Engineer,3000,6500,USD,https://nn.hh.ru/vacancy/76983666?from=vacancy_search_list&query=Data,hh
165,Data Engineer / дата-инженер (senior/ middle),0,0,0,https://nn.hh.ru/vacancy/75718905?from=vacancy_search_list&query=Data,hh
166,Data Engineer (Scala),0,0,0,https://nn.hh.ru/vacancy/77114479?from=vacancy_search_list&query=Data,hh
167,Senior Data Scientist (Adtech),0,0,0,https://nn.hh.ru/vacancy/77034579?from=vacancy_search_list&query=Data,hh
168,Associate,250000,300000,руб.,https://nn.hh.ru/vacancy/76450599?from=vacancy_search_list&query=Data,hh
169,"Bioinformatics Developer, New Zealand",5000,7500,USD,https://nn.hh.ru/vacancy/76866591?from=vacancy_search_list&query=Data,hh
170,Продуктовый аналитик,0,0,0,https://nn.hh.ru/vacancy/76176885?from=vacancy_search_list&query=Data,hh
171,Lead Data Engineer,0,0,0,https://nn.hh.ru/vacancy/75782775?from=vacancy_search_list&query=Data,hh
172,Operational Analyst,0,0,0,https://nn.hh.ru/vacancy/76785446?from=vacancy_search_list&query=Data,hh
173,Ведущий аудитор - Data Scientist,0,0,0,https://nn.hh.ru/vacancy/77048160?from=vacancy_search_list&query=Data,hh
174,Web Analyst (зарубежный EdTech),120000,0,руб.,https://nn.hh.ru/vacancy/77125528?from=vacancy_search_list&query=Data,hh
175,Data Scientist,0,0,0,https://nn.hh.ru/vacancy/76963121?from=vacancy_search_list&query=Data,hh
176,Local Analyst (Africa),0,0,0,https://nn.hh.ru/vacancy/76907153?from=vacancy_search_list&query=Data,hh
177,Credit risk analyst,0,0,0,https://nn.hh.ru/vacancy/75705029?from=vacancy_search_list&query=Data,hh
178,Инженер данных (Data Engineer),0,0,0,https://nn.hh.ru/vacancy/76751263?from=vacancy_search_list&query=Data,hh
179,Data Engineer/ETL Developer,0,0,0,https://nn.hh.ru/vacancy/77193597?from=vacancy_search_list&query=Data,hh
180,Senior Data Engineer,0,0,0,https://nn.hh.ru/vacancy/75783349?from=vacancy_search_list&query=Data,hh
181,Data Scientist / Специалист по работе с искусственным интеллектом,0,0,0,https://nn.hh.ru/vacancy/69379894?from=vacancy_search_list&query=Data,hh
182,"Intern, Financial Risk Management Group",0,0,0,https://nn.hh.ru/vacancy/77191849?from=vacancy_search_list&query=Data,hh
183,Senior Data-Engineer,0,0,0,https://nn.hh.ru/vacancy/77135900?from=vacancy_search_list&query=Data,hh
184,Senior Data Engineer (DWH),0,0,0,https://nn.hh.ru/vacancy/76954495?from=vacancy_search_list&query=Data,hh
185,Database & BI reporting manager,0,0,0,https://nn.hh.ru/vacancy/76503764?from=vacancy_search_list&query=Data,hh
186,Big Data Engineer,0,0,0,https://nn.hh.ru/vacancy/76085109?from=vacancy_search_list&query=Data,hh
187,Data Engineer,0,0,0,https://nn.hh.ru/vacancy/76703124?from=vacancy_search_list&query=Data,hh
188,Продуктовый аналитик в монетизацию Яндекс.Карт,0,0,0,https://nn.hh.ru/vacancy/75695417?from=vacancy_search_list&query=Data,hh
189,Senior Data Engineer,0,0,0,https://nn.hh.ru/vacancy/75783350?from=vacancy_search_list&query=Data,hh
190,Data аналитик по финансовым рискам,0,0,0,https://nn.hh.ru/vacancy/77059016?from=vacancy_search_list&query=Data,hh
191,Senior Data Scientist в направление продаж,0,0,0,https://nn.hh.ru/vacancy/77184848?from=vacancy_search_list&query=Data,hh
192,Data engineer,0,0,0,https://nn.hh.ru/vacancy/72679130?from=vacancy_search_list&query=Data,hh
193,Middle+/Senior Data Scientist в Блок Финансы,0,0,0,https://nn.hh.ru/vacancy/76955337?from=vacancy_search_list&query=Data,hh
194,Data Scientist – Senior/Chief,0,0,0,https://nn.hh.ru/vacancy/76931699?from=vacancy_search_list&query=Data,hh
195,Старший менеджер по бизнес-анализу и планированию продаж,115000,0,руб.,https://nn.hh.ru/vacancy/76946089?from=vacancy_search_list&query=Data,hh
196,Senior Python разработчик (Intelligent Document Processing),200000,400000,руб.,https://nn.hh.ru/vacancy/77016383?from=vacancy_search_list&query=Data,hh
197,Middle Data Analyst,0,0,0,https://nn.hh.ru/vacancy/73908144?from=vacancy_search_list&query=Data,hh
198,Аналитик данных / Data analyst (отдел собственных закупок),0,0,0,https://nn.hh.ru/vacancy/75984250?from=vacancy_search_list&query=Data,hh
199,Business Analyst,0,0,0,https://nn.hh.ru/vacancy/76983073?from=vacancy_search_list&query=Data,hh
200,Бизнес-аналитик,0,160000,руб.,https://nn.hh.ru/vacancy/77120168?from=vacancy_search_list&query=Data,hh
201,Программист C++ (Data scientist),0,0,0,https://nn.hh.ru/vacancy/76225469?from=vacancy_search_list&query=Data,hh
202,Системный аналитик (systems analyst),120000,0,руб.,https://nn.hh.ru/vacancy/77145441?from=vacancy_search_list&query=Data,hh
203,Data Scientist (SberDevices),0,0,0,https://nn.hh.ru/vacancy/68148229?from=vacancy_search_list&query=Data,hh
204,Разметчик данных для машинного обучения,4000,20000,руб.,https://nn.hh.ru/vacancy/76894175?from=vacancy_search_list&query=Data,hh
205,Data Engineer (BigData),0,0,0,https://nn.hh.ru/vacancy/76539993?from=vacancy_search_list&query=Data,hh
206,Data Engineer,0,0,0,https://nn.hh.ru/vacancy/76957555?from=vacancy_search_list&query=Data,hh
207,Data Scientist (middle/senior),0,400000,руб.,https://nn.hh.ru/vacancy/70163749?from=vacancy_search_list&query=Data,hh
208,"Traffic Manager/Media Buyer (Google Ads, DV360, TikTok)",0,0,0,https://nn.hh.ru/vacancy/76913160?from=vacancy_search_list&query=Data,hh
209,Data-аналитик,0,120000,руб.,https://nn.hh.ru/vacancy/75783908?from=vacancy_search_list&query=Data,hh
210,Data Analyst (отдел Клиники),150000,0,руб.,https://nn.hh.ru/vacancy/76700806?from=vacancy_search_list&query=Data,hh
211,SQL-разработчик,0,65000,руб.,https://nn.hh.ru/vacancy/76988404?from=vacancy_search_list&query=Data,hh
212,Аналитик данных,0,0,0,https://nn.hh.ru/vacancy/77079684?from=vacancy_search_list&query=Data,hh
213,Data Analyst / Аналитик данных,100000,120000,руб.,https://nn.hh.ru/vacancy/72492020?from=vacancy_search_list&query=Data,hh
214,Junior Publisher Manager,0,0,0,https://nn.hh.ru/vacancy/77142528?from=vacancy_search_list&query=Data,hh
215,Senior Data Analyst,0,0,0,https://nn.hh.ru/vacancy/76408933?from=vacancy_search_list&query=Data,hh
216,Power BI Developer,0,0,0,https://nn.hh.ru/vacancy/76085103?from=vacancy_search_list&query=Data,hh
217,Дата-аналитик,0,0,0,https://nn.hh.ru/vacancy/73752382?from=vacancy_search_list&query=Data,hh
218,Системный аналитик,0,0,0,https://nn.hh.ru/vacancy/76277871?from=vacancy_search_list&query=Data,hh
219,Data Analyst / Аналитик данных,0,0,0,https://nn.hh.ru/vacancy/76920966?from=vacancy_search_list&query=Data,hh
220,Начинающий специалист (стажёр) по работе с иностранными клиентами,30000,400000,руб.,https://nn.hh.ru/vacancy/51029696?from=vacancy_search_list&query=Data,hh
221,Аналитик данных,0,0,0,https://nn.hh.ru/vacancy/76931147?from=vacancy_search_list&query=Data,hh
222,Техлид,200000,300000,руб.,https://nn.hh.ru/vacancy/76957402?from=vacancy_search_list&query=Data,hh
223,"Автор-лектор курса ""Потоковая обработка данных / Streaming""",0,0,0,https://nn.hh.ru/vacancy/76908912?from=vacancy_search_list&query=Data,hh
224,"Руководитель группы Data Science, NLP",0,0,0,https://nn.hh.ru/vacancy/72702509?from=vacancy_search_list&query=Data,hh
225,Middle Office Analyst,400000,600000,руб.,https://nn.hh.ru/vacancy/76774288?from=vacancy_search_list&query=Data,hh
226,Руководитель практики по управлению данными,0,0,0,https://nn.hh.ru/vacancy/72070910?from=vacancy_search_list&query=Data,hh
227,Аналитик данных / Data Insight Analytic,220000,0,руб.,https://nn.hh.ru/vacancy/76754279?from=vacancy_search_list&query=Data,hh
228,Chief Data Scientist / DS Team Lead,0,0,0,https://nn.hh.ru/vacancy/71354549?from=vacancy_search_list&query=Data,hh
229,Fraud Activity Analyst,0,0,0,https://nn.hh.ru/vacancy/76704863?from=vacancy_search_list&query=Data,hh
230,Системный/бизнес аналитик,250000,0,руб.,https://nn.hh.ru/vacancy/76987767?from=vacancy_search_list&query=Data,hh
231,Аналитик AdTech,0,0,0,https://nn.hh.ru/vacancy/76736768?from=vacancy_search_list&query=Data,hh
232,CMO / Head of Marketing / Marketing Lead (Remote),3000,5000,EUR,https://nn.hh.ru/vacancy/76296773?from=vacancy_search_list&query=Data,hh
233,Разработчик C# / Python,300000,500000,руб.,https://nn.hh.ru/vacancy/71147348?from=vacancy_search_list&query=Data,hh
234,Аналитик/Менеджер проектов в отдел исследований,0,0,0,https://nn.hh.ru/vacancy/77106885?from=vacancy_search_list&query=Data,hh
235,Data-аналитик (Yandex DataLens + Битрикс24),1000,0,руб.,https://nn.hh.ru/vacancy/76843043?from=vacancy_search_list&query=Data,hh
236,Программист / Инженер данных (Data Engineer),0,0,0,https://nn.hh.ru/vacancy/76941210?from=vacancy_search_list&query=Data,hh
237,Data Engineer (BigData),0,0,0,https://nn.hh.ru/vacancy/76539994?from=vacancy_search_list&query=Data,hh
238,Аналитик/Analyst,0,0,0,https://nn.hh.ru/vacancy/76605323?from=vacancy_search_list&query=Data,hh
239,Data Engineer,0,0,0,https://nn.hh.ru/vacancy/76941900?from=vacancy_search_list&query=Data,hh
240,"Data analyst/Data Scientist в ML-команду трайба ""Платежи и переводы""",0,0,0,https://nn.hh.ru/vacancy/76727275?from=vacancy_search_list&query=Data,hh
241,Quantitative Analyst,0,0,0,https://nn.hh.ru/vacancy/75837901?from=vacancy_search_list&query=Data,hh
242,Middle Data Analyst,0,0,0,https://nn.hh.ru/vacancy/76936797?from=vacancy_search_list&query=Data,hh
243,Разработчик платформы аналитики в Маркет,0,0,0,https://nn.hh.ru/vacancy/75611208?from=vacancy_search_list&query=Data,hh
244,"Продуктовый аналитик / Product analyst (проект ""Сообщения"")",0,0,0,https://nn.hh.ru/vacancy/74038110?from=vacancy_search_list&query=Data,hh
245,Senior Data Analyst,0,0,0,https://nn.hh.ru/vacancy/76826976?from=vacancy_search_list&query=Data,hh
246,Разработчик BI (Optimacros),0,0,0,https://nn.hh.ru/vacancy/76216353?from=vacancy_search_list&query=Data,hh
247,Product analyst (machine learning),0,0,0,https://nn.hh.ru/vacancy/73568857?from=vacancy_search_list&query=Data,hh
248,Data-инженер,0,0,0,https://nn.hh.ru/vacancy/72358065?from=vacancy_search_list&query=Data,hh
249,Data Scientist (NLP),0,0,0,https://nn.hh.ru/vacancy/76867207?from=vacancy_search_list&query=Data,hh
250,Data Scientist (Платформа рекомендаций),0,0,0,https://nn.hh.ru/vacancy/75857475?from=vacancy_search_list&query=Data,hh
251,Data инженер,0,0,0,https://nn.hh.ru/vacancy/76133437?from=vacancy_search_list&query=Data,hh
252,Технолог данных,0,0,0,https://nn.hh.ru/vacancy/76040985?from=vacancy_search_list&query=Data,hh
253,Senior Data Engineer,250000,300000,руб.,https://nn.hh.ru/vacancy/73453736?from=vacancy_search_list&query=Data,hh
254,Lead Consultant / Solution Architect,0,0,0,https://nn.hh.ru/vacancy/76059320?from=vacancy_search_list&query=Data,hh
255,Системный инженер/Data Center – Infrastructure Expert,0,200000,руб.,https://nn.hh.ru/vacancy/73310991?from=vacancy_search_list&query=Data,hh
256,Data Science Engineer (Computer Vision),0,0,0,https://nn.hh.ru/vacancy/75918380?from=vacancy_search_list&query=Data,hh
257,Data scientist \ Аналитик данных,0,0,0,https://nn.hh.ru/vacancy/76826677?from=vacancy_search_list&query=Data,hh
258,Data Engineer (Spark developer),0,0,0,https://nn.hh.ru/vacancy/73436694?from=vacancy_search_list&query=Data,hh
259,Middle Data Scientist,0,0,0,https://nn.hh.ru/vacancy/76916739?from=vacancy_search_list&query=Data,hh
260,Machine Learning Engineer,4000,8000,USD,https://nn.hh.ru/vacancy/76735944?from=vacancy_search_list&query=Data,hh
261,Senior Data Scientist,0,0,0,https://nn.hh.ru/vacancy/76610825?from=vacancy_search_list&query=Data,hh
262,Data scientist (Персонализация),0,0,0,https://nn.hh.ru/vacancy/54829296?from=vacancy_search_list&query=Data,hh
263,Data Analyst,0,0,0,https://nn.hh.ru/vacancy/76812269?from=vacancy_search_list&query=Data,hh
264,Demand Planning Specialist,0,0,0,https://nn.hh.ru/vacancy/77132089?from=vacancy_search_list&query=Data,hh
265,Python Developer,0,0,0,https://nn.hh.ru/vacancy/76099463?from=vacancy_search_list&query=Data,hh
266,Аналитик,35000,40000,руб.,https://nn.hh.ru/vacancy/76386430?from=vacancy_search_list&query=Data,hh
267,Data Base Administrator-Developer (DB2&PostgreSQL),600000,1500000,KZT,https://nn.hh.ru/vacancy/76715563?from=vacancy_search_list&query=Data,hh
268,Специалист по BI аналитике,0,0,0,https://nn.hh.ru/vacancy/76905736?from=vacancy_search_list&query=Data,hh
269,Дата-инженер / Data Engineer,0,0,0,https://nn.hh.ru/vacancy/72818601?from=vacancy_search_list&query=Data,hh
270,Инженер по тестированию,100000,120000,руб.,https://nn.hh.ru/vacancy/77076234?from=vacancy_search_list&query=Data,hh
271,ETL-разработчик,200000,250000,руб.,https://nn.hh.ru/vacancy/76239455?from=vacancy_search_list&query=Data,hh
272,АККРЕДИТОВАННАЯ КОМПАНИЯ Начинающий программист Golang,40000,0,руб.,https://nn.hh.ru/vacancy/51028328?from=vacancy_search_list&query=Data,hh
273,Project manager по развитию бизнеса в зарубежных странах,0,0,0,https://nn.hh.ru/vacancy/77217849?from=vacancy_search_list&query=Data,hh
274,Бизнес-аналитик Big Data,0,0,0,https://nn.hh.ru/vacancy/71266321?from=vacancy_search_list&query=Data,hh
275,Monitoring and Evaluation Manager,0,0,0,https://nn.hh.ru/vacancy/76199271?from=vacancy_search_list&query=Data,hh
276,Data Scientist (Computer Vision),0,0,0,https://nn.hh.ru/vacancy/73401856?from=vacancy_search_list&query=Data,hh
277,Senior data scientist,0,0,0,https://nn.hh.ru/vacancy/75619237?from=vacancy_search_list&query=Data,hh
278,Data Operator,0,0,0,https://nn.hh.ru/vacancy/75635035?from=vacancy_search_list&query=Data,hh
279,Python разработчик платформы аналитики в Маркет,0,0,0,https://nn.hh.ru/vacancy/76341246?from=vacancy_search_list&query=Data,hh
280,Senior Data Scientist,0,0,0,https://nn.hh.ru/vacancy/75573623?from=vacancy_search_list&query=Data,hh
281,Tech Lead/Senior Python developer на продукт Data Quality (Big Data),0,0,0,https://nn.hh.ru/vacancy/76217895?from=vacancy_search_list&query=Data,hh
282,"Senior Data Scientist (""Платформа экспериментов"")",0,0,0,https://nn.hh.ru/vacancy/75863558?from=vacancy_search_list&query=Data,hh
283,Разработчик витрин данных,0,0,0,https://nn.hh.ru/vacancy/77049987?from=vacancy_search_list&query=Data,hh
284,Data Engineer,0,0,0,https://nn.hh.ru/vacancy/76683050?from=vacancy_search_list&query=Data,hh
285,Data Scientist,0,0,0,https://nn.hh.ru/vacancy/73080770?from=vacancy_search_list&query=Data,hh
286,Data инженер,0,0,0,https://nn.hh.ru/vacancy/76655674?from=vacancy_search_list&query=Data,hh
287,Системный аналитик DWH,0,0,0,https://nn.hh.ru/vacancy/77031710?from=vacancy_search_list&query=Data,hh
288,Operations Specialist,0,0,0,https://nn.hh.ru/vacancy/77139373?from=vacancy_search_list&query=Data,hh
289,Data Scientist,0,0,0,https://nn.hh.ru/vacancy/73377792?from=vacancy_search_list&query=Data,hh
290,Senior Data scientist,0,0,0,https://nn.hh.ru/vacancy/71958940?from=vacancy_search_list&query=Data,hh
291,Senior Data Scientist (-Fintech-),0,250000,руб.,https://nn.hh.ru/vacancy/76822951?from=vacancy_search_list&query=Data,hh
292,Product manager,0,0,0,https://nn.hh.ru/vacancy/76536350?from=vacancy_search_list&query=Data,hh
293,Ведущий аналитик качества данных,0,0,0,https://nn.hh.ru/vacancy/77019282?from=vacancy_search_list&query=Data,hh
294,Руководитель Департамента аналитики в Практикум,0,0,0,https://nn.hh.ru/vacancy/76591632?from=vacancy_search_list&query=Data,hh
295,Risk Analyst,3000,0,USD,https://nn.hh.ru/vacancy/76948643?from=vacancy_search_list&query=Data,hh
296,Data Scientist,0,0,0,https://nn.hh.ru/vacancy/76495723?from=vacancy_search_list&query=Data,hh
297,Middle Data scientist / Аналитик (Нижний Новгород),100000,150000,руб.,https://nn.hh.ru/vacancy/75827761?from=vacancy_search_list&query=Data,hh
298,Demand Planning Business Excellence Analyst,0,0,0,https://nn.hh.ru/vacancy/76912075?from=vacancy_search_list&query=Data,hh
299,Аналитик,15000,15000,руб.,https://nn.hh.ru/vacancy/76465128?from=vacancy_search_list&query=Data,hh
300,Data Engineer,0,0,0,https://nn.hh.ru/vacancy/76827227?from=vacancy_search_list&query=Data,hh
301,Python Developer (to Serbia/Cyprus),0,0,0,https://nn.hh.ru/vacancy/76257043?from=vacancy_search_list&query=Data,hh
302,Digital Data Analyst,0,0,0,https://nn.hh.ru/vacancy/75578672?from=vacancy_search_list&query=Data,hh
303,АККРЕДИТОВАННАЯ КОМПАНИЯ Начинающий Java разработчик,40000,0,руб.,https://nn.hh.ru/vacancy/70667162?from=vacancy_search_list&query=Data,hh
304,Аналитик,0,0,0,https://nn.hh.ru/vacancy/75773535?from=vacancy_search_list&query=Data,hh
305,Системный/Бизнес Аналитик на проект BPM,250000,280000,руб.,https://nn.hh.ru/vacancy/76774639?from=vacancy_search_list&query=Data,hh
306,Team Lead ML (relocation to Montenegro),0,0,0,https://nn.hh.ru/vacancy/77130256?from=vacancy_search_list&query=Data,hh
307,Brand Manager,0,0,0,https://nn.hh.ru/vacancy/76585948?from=vacancy_search_list&query=Data,hh
308,Data Engineer/ Разработчик SQL (удаленно),0,0,0,https://nn.hh.ru/vacancy/71331696?from=vacancy_search_list&query=Data,hh
309,Data Analyst,0,0,0,https://nn.hh.ru/vacancy/76777464?from=vacancy_search_list&query=Data,hh
310,Customer Success Manager,0,0,0,https://nn.hh.ru/vacancy/73589267?from=vacancy_search_list&query=Data,hh
311,Аналитик,0,0,0,https://nn.hh.ru/vacancy/76970898?from=vacancy_search_list&query=Data,hh
312,Middle+/Senior Data Scientist (Marketplace Efficiency),225000,280000,руб.,https://nn.hh.ru/vacancy/74010282?from=vacancy_search_list&query=Data,hh
313,Data Engineer,0,0,0,https://nn.hh.ru/vacancy/76851673?from=vacancy_search_list&query=Data,hh
314,Data Science Python разработчик,0,0,0,https://nn.hh.ru/vacancy/76773921?from=vacancy_search_list&query=Data,hh
315,ETL-инженер,0,0,0,https://nn.hh.ru/vacancy/77052902?from=vacancy_search_list&query=Data,hh
316,"Автор-лектор курса ""Работа с источниками данных: Cassandra, Hive, Presto, Kafka""",0,0,0,https://nn.hh.ru/vacancy/76902198?from=vacancy_search_list&query=Data,hh
317,Data Scientist CV,0,0,0,https://nn.hh.ru/vacancy/76567981?from=vacancy_search_list&query=Data,hh
318,Аналитик отдела продаж / Sales Analyst,0,0,0,https://nn.hh.ru/vacancy/76962523?from=vacancy_search_list&query=Data,hh
319,"Администратор баз данных Oracle, Postgres",300000,0,KZT,https://nn.hh.ru/vacancy/76070423?from=vacancy_search_list&query=Data,hh
320,Архитектор по работе с партнёрами в Yandex Cloud,0,0,0,https://nn.hh.ru/vacancy/76611551?from=vacancy_search_list&query=Data,hh
321,"Manager in Integrated Risk of Strategic, Credit & Integrated Risks Department",0,0,0,https://nn.hh.ru/vacancy/76048310?from=vacancy_search_list&query=Data,hh
322,Системный аналитик (Big Data),0,0,0,https://nn.hh.ru/vacancy/75743495?from=vacancy_search_list&query=Data,hh
323,Эксперт по операционной отчетности,0,0,0,https://nn.hh.ru/vacancy/76917645?from=vacancy_search_list&query=Data,hh
324,Project manager Big Data,0,0,0,https://nn.hh.ru/vacancy/76637819?from=vacancy_search_list&query=Data,hh
325,Менеджер по развитию и продажам цифровых продуктов крупному бизнесу (AdTech / Big Data),100000,0,руб.,https://nn.hh.ru/vacancy/76475379?from=vacancy_search_list&query=Data,hh
326,Data Scientist,160000,180000,руб.,https://nn.hh.ru/vacancy/76446137?from=vacancy_search_list&query=Data,hh
327,Data engineer,0,0,0,https://nn.hh.ru/vacancy/76713270?from=vacancy_search_list&query=Data,hh
328,"Data Engineer (""Платформа экспериментов"")",0,0,0,https://nn.hh.ru/vacancy/75863463?from=vacancy_search_list&query=Data,hh
329,Client Solutions Manager,0,0,0,https://nn.hh.ru/vacancy/77187763?from=vacancy_search_list&query=Data,hh
330,"Executive 1-3, Transaction Services / Deal Advisory Department (Almaty/Astana)",0,0,0,https://nn.hh.ru/vacancy/77073864?from=vacancy_search_list&query=Data,hh
331,Team lead data scientist,0,0,0,https://nn.hh.ru/vacancy/75711019?from=vacancy_search_list&query=Data,hh
332,Python Engineer,3000,6500,USD,https://nn.hh.ru/vacancy/76738937?from=vacancy_search_list&query=Data,hh
333,Специалист технической поддержки (чаты),40000,0,руб.,https://nn.hh.ru/vacancy/77127896?from=vacancy_search_list&query=Data,hh
334,Менеджер по развитию и продажам цифровых продуктов крупному бизнесу (AdTech / Big Data),100000,0,руб.,https://nn.hh.ru/vacancy/76475378?from=vacancy_search_list&query=Data,hh
335,Data Analyst (Crypto/FinTech),0,0,0,https://nn.hh.ru/vacancy/76747851?from=vacancy_search_list&query=Data,hh
336,HR process analyst,0,0,0,https://nn.hh.ru/vacancy/76543301?from=vacancy_search_list&query=Data,hh
337,Аналитик Power BI/ ETL- разработчик,230000,230000,руб.,https://nn.hh.ru/vacancy/75832792?from=vacancy_search_list&query=Data,hh
338,Аналитик качества данных,0,0,0,https://nn.hh.ru/vacancy/76994610?from=vacancy_search_list&query=Data,hh
339,Аналитик данных,40000,80000,руб.,https://nn.hh.ru/vacancy/66114001?from=vacancy_search_list&query=Data,hh
340,Data engineer,0,0,0,https://nn.hh.ru/vacancy/76653766?from=vacancy_search_list&query=Data,hh
341,Специалист по BigData,0,0,0,https://nn.hh.ru/vacancy/75889655?from=vacancy_search_list&query=Data,hh
342,Инженер данных (Data Engineer),0,0,0,https://nn.hh.ru/vacancy/76789901?from=vacancy_search_list&query=Data,hh
343,Middle/Senior Data Scientist,0,0,0,https://nn.hh.ru/vacancy/76863375?from=vacancy_search_list&query=Data,hh
344,Middle Data Scientist,0,0,0,https://nn.hh.ru/vacancy/76768895?from=vacancy_search_list&query=Data,hh
345,DWH разработчик / DWH инженер / Data Engineer,110000,0,руб.,https://nn.hh.ru/vacancy/76291841?from=vacancy_search_list&query=Data,hh
346,Print HW Category Graduate (Temporary Position),0,0,0,https://nn.hh.ru/vacancy/77031604?from=vacancy_search_list&query=Data,hh
347,Data protection specialist,0,0,0,https://nn.hh.ru/vacancy/76721695?from=vacancy_search_list&query=Data,hh
348,Master Data Specialist (Supply Chain / Planning department),0,0,0,https://nn.hh.ru/vacancy/74280675?from=vacancy_search_list&query=Data,hh
349,"Customer Success Assistant / Ассистент команды по сопровождению клиентов (EN, RU)",0,0,0,https://nn.hh.ru/vacancy/77223072?from=vacancy_search_list&query=Data,hh
350,Sales Development Representative,0,0,0,https://nn.hh.ru/vacancy/77219392?from=vacancy_search_list&query=Data,hh
351,Project Manager (Команда аналитики),0,0,0,https://nn.hh.ru/vacancy/76009346?from=vacancy_search_list&query=Data,hh
352,Amazon and Walmart PPC Specialist,1500,0,USD,https://nn.hh.ru/vacancy/77063947?from=vacancy_search_list&query=Data,hh
353,Data Engineer Lead / Дата инженер,300000,0,руб.,https://nn.hh.ru/vacancy/76566894?from=vacancy_search_list&query=Data,hh
354,Middle Data Scientist (Big Data),200000,250000,руб.,https://nn.hh.ru/vacancy/73088535?from=vacancy_search_list&query=Data,hh
355,"Project manager (PM), Remote",1500,0,USD,https://nn.hh.ru/vacancy/76937360?from=vacancy_search_list&query=Data,hh
356,Financial Analyst,0,0,0,https://nn.hh.ru/vacancy/76939577?from=vacancy_search_list&query=Data,hh
357,АККРЕДИТОВАННАЯ КОМПАНИЯ Начинающий Frontend-разработчик,40000,0,руб.,https://nn.hh.ru/vacancy/48411480?from=vacancy_search_list&query=Data,hh
358,Data Engineer,0,0,0,https://nn.hh.ru/vacancy/73396605?from=vacancy_search_list&query=Data,hh
359,Старший аналитик по поддержке Jira/Confluence,0,0,0,https://nn.hh.ru/vacancy/76948252?from=vacancy_search_list&query=Data,hh
360,Business Data Engineer,0,0,0,https://nn.hh.ru/vacancy/72282079?from=vacancy_search_list&query=Data,hh
361,Бизнес ассистент Google таблицолог для сервиса оцифровки WB и OZON (удаленно),20000,30000,руб.,https://nn.hh.ru/vacancy/76876034?from=vacancy_search_list&query=Data,hh
362,Senior Data Scientist (Лимасол/Ереван),0,0,0,https://nn.hh.ru/vacancy/76829230?from=vacancy_search_list&query=Data,hh
363,Старший эксперт (Риск аналитик),0,0,0,https://nn.hh.ru/vacancy/76900858?from=vacancy_search_list&query=Data,hh
364,Специалист по информационной безопасности,0,0,0,https://nn.hh.ru/vacancy/77106178?from=vacancy_search_list&query=Data,hh
365,Middle/Senior Data Scientist (скоринговые модели),0,0,0,https://nn.hh.ru/vacancy/76434616?from=vacancy_search_list&query=Data,hh
366,Системный аналитик,0,0,0,https://nn.hh.ru/vacancy/70512213?from=vacancy_search_list&query=Data,hh
367,"Автор-лектор курса ""Менеджмент в data-проектах""",0,0,0,https://nn.hh.ru/vacancy/76907965?from=vacancy_search_list&query=Data,hh
368,Data Engineer в МТС Маркетолог (Big Data),0,0,0,https://nn.hh.ru/vacancy/76550394?from=vacancy_search_list&query=Data,hh
369,DBA / GreenPlum Data Engineer,0,0,0,https://nn.hh.ru/vacancy/76738256?from=vacancy_search_list&query=Data,hh
370,Data Scientist,500000,0,KZT,https://nn.hh.ru/vacancy/76374667?from=vacancy_search_list&query=Data,hh
371,"RAVE Specialist, Data Quality",0,0,0,https://nn.hh.ru/vacancy/76684105?from=vacancy_search_list&query=Data,hh
372,Geophysicist,0,0,0,https://nn.hh.ru/vacancy/77113907?from=vacancy_search_list&query=Data,hh
373,Data Engineer (Spark developer),0,0,0,https://nn.hh.ru/vacancy/76824564?from=vacancy_search_list&query=Data,hh
374,Product Researcher / Finance Analyst,1000,1300,USD,https://nn.hh.ru/vacancy/76963821?from=vacancy_search_list&query=Data,hh
375,Data privacy counsel,0,0,0,https://nn.hh.ru/vacancy/76734398?from=vacancy_search_list&query=Data,hh
376,"Data (web) analyst, remote",2000,4000,USD,https://nn.hh.ru/vacancy/76719607?from=vacancy_search_list&query=Data,hh
377,Middle Data Scientist,0,0,0,https://nn.hh.ru/vacancy/76672110?from=vacancy_search_list&query=Data,hh
378,Data Scientist (главный исследователь данных),0,0,0,https://nn.hh.ru/vacancy/70995598?from=vacancy_search_list&query=Data,hh
379,Data engineer,0,0,0,https://nn.hh.ru/vacancy/76713212?from=vacancy_search_list&query=Data,hh
380,Специалист по стратегическому прогнозированию (Demand planner),0,0,0,https://nn.hh.ru/vacancy/76950800?from=vacancy_search_list&query=Data,hh
381,Data Scientist,0,0,0,https://nn.hh.ru/vacancy/74352644?from=vacancy_search_list&query=Data,hh
382,Инженер данных / Data Engineer,0,0,0,https://nn.hh.ru/vacancy/76679805?from=vacancy_search_list&query=Data,hh
383,Разработчик Back End,0,0,0,https://nn.hh.ru/vacancy/76893051?from=vacancy_search_list&query=Data,hh
384,Middle Data Scientist,0,0,0,https://nn.hh.ru/vacancy/76663333?from=vacancy_search_list&query=Data,hh
385,Data Analyst в блок Управление Благосостоянием,0,0,0,https://nn.hh.ru/vacancy/76830337?from=vacancy_search_list&query=Data,hh
386,SQL разработчик / Data engineer (DWH),0,0,0,https://nn.hh.ru/vacancy/76006484?from=vacancy_search_list&query=Data,hh
387,Разработчик Big Data,0,0,0,https://nn.hh.ru/vacancy/75947872?from=vacancy_search_list&query=Data,hh
388,Data scientist,0,0,0,https://nn.hh.ru/vacancy/75598717?from=vacancy_search_list&query=Data,hh
389,Business Data Engineer,0,0,0,https://nn.hh.ru/vacancy/69199016?from=vacancy_search_list&query=Data,hh
390,Product Analyst (Remote),2000,0,USD,https://nn.hh.ru/vacancy/76821229?from=vacancy_search_list&query=Data,hh
391,IT Business Partner,1187400,0,KZT,https://nn.hh.ru/vacancy/76839081?from=vacancy_search_list&query=Data,hh
392,Product manager,0,200000,руб.,https://nn.hh.ru/vacancy/75875406?from=vacancy_search_list&query=Data,hh
393,Системный аналитик,0,0,0,https://nn.hh.ru/vacancy/74010566?from=vacancy_search_list&query=Data,hh
394,Game Data Analyst,0,0,0,https://nn.hh.ru/vacancy/74870486?from=vacancy_search_list&query=Data,hh
395,"Senior Backend Software Engineer (Java / Kotlin), Remote",4000,7000,USD,https://nn.hh.ru/vacancy/77209158?from=vacancy_search_list&query=Data,hh
396,Web Analyst,0,0,0,https://nn.hh.ru/vacancy/76162883?from=vacancy_search_list&query=Data,hh
397,Главный администратор данных (Chief Data Steward),0,0,0,https://nn.hh.ru/vacancy/66811982?from=vacancy_search_list&query=Data,hh
398,Business Data Engineer,0,0,0,https://nn.hh.ru/vacancy/72856913?from=vacancy_search_list&query=Data,hh
399,Младший аналитик,0,0,0,https://nn.hh.ru/vacancy/75522106?from=vacancy_search_list&query=Data,hh
400,Аналитик по бизнес-процессам,0,0,0,https://nn.hh.ru/vacancy/76906566?from=vacancy_search_list&query=Data,hh
401,Python Team Lead,0,0,0,https://nn.hh.ru/vacancy/76998507?from=vacancy_search_list&query=Data,hh
402,"Senior Data Engineer (DWH, Spark)",5000,5500,EUR,https://nn.hh.ru/vacancy/76282268?from=vacancy_search_list&query=Data,hh
403,Data Analyst (Customer Experience Analytics Team),0,0,0,https://nn.hh.ru/vacancy/76661278?from=vacancy_search_list&query=Data,hh
404,Data Lead,0,0,0,https://nn.hh.ru/vacancy/73026122?from=vacancy_search_list&query=Data,hh
405,Data Analyst,0,0,0,https://nn.hh.ru/vacancy/76343412?from=vacancy_search_list&query=Data,hh
406,NoSQL DBA,0,0,0,https://nn.hh.ru/vacancy/76906074?from=vacancy_search_list&query=Data,hh
407,QA engineer (manual),50000,100000,руб.,https://nn.hh.ru/vacancy/76911855?from=vacancy_search_list&query=Data,hh
408,Data Engineer (СберСпасибо),0,0,0,https://nn.hh.ru/vacancy/75625822?from=vacancy_search_list&query=Data,hh
409,Data Partner,0,0,0,https://nn.hh.ru/vacancy/74254038?from=vacancy_search_list&query=Data,hh
410,TechLead Research Engineer (NLP/Speech),300000,400000,руб.,https://nn.hh.ru/vacancy/54372020?from=vacancy_search_list&query=Data,hh
411,Data engeneer,0,0,0,https://nn.hh.ru/vacancy/76418873?from=vacancy_search_list&query=Data,hh
412,Data engineer (ДИР),0,0,0,https://nn.hh.ru/vacancy/72220912?from=vacancy_search_list&query=Data,hh
413,Data scientist/Analyst (Middle+/Senior) - Руководитель отдела аналитики,250000,400000,руб.,https://nn.hh.ru/vacancy/73139848?from=vacancy_search_list&query=Data,hh
414,Архитектор/Разработчик ETL,0,0,0,https://nn.hh.ru/vacancy/76148703?from=vacancy_search_list&query=Data,hh
415,Junior Data аналитик (Департамент противодействия мошенничеству),0,0,0,https://nn.hh.ru/vacancy/76272398?from=vacancy_search_list&query=Data,hh
416,Intern Forensic,0,0,0,https://nn.hh.ru/vacancy/75802275?from=vacancy_search_list&query=Data,hh
417,Senior/Lead Data Engineer,0,0,0,https://nn.hh.ru/vacancy/76779261?from=vacancy_search_list&query=Data,hh
418,Data Engineer (Spark developer),0,0,0,https://nn.hh.ru/vacancy/76824512?from=vacancy_search_list&query=Data,hh
419,Data-аналитик,0,0,0,https://nn.hh.ru/vacancy/76564608?from=vacancy_search_list&query=Data,hh
420,Data Scientist,0,0,0,https://nn.hh.ru/vacancy/70243733?from=vacancy_search_list&query=Data,hh
421,Assistant Professor - Software Development and Engineering (eng),0,0,0,https://nn.hh.ru/vacancy/73329821?from=vacancy_search_list&query=Data,hh
422,Middle Data Scientist,0,0,0,https://nn.hh.ru/vacancy/76379602?from=vacancy_search_list&query=Data,hh
423,Data Analyst (Customer Experience Analytics Team),0,0,0,https://nn.hh.ru/vacancy/76659438?from=vacancy_search_list&query=Data,hh
424,"Автор-лектор курса ""Введение в Deep Learning""",0,0,0,https://nn.hh.ru/vacancy/76906679?from=vacancy_search_list&query=Data,hh
425,Assistant Professor - Software Development and Engineering (eng),0,0,0,https://nn.hh.ru/vacancy/73329877?from=vacancy_search_list&query=Data,hh
426,"Data Scientist (NLP, NER)",0,0,0,https://nn.hh.ru/vacancy/73382266?from=vacancy_search_list&query=Data,hh
427,Data Scientist ( Аналитик данных ),0,0,0,https://nn.hh.ru/vacancy/76537732?from=vacancy_search_list&query=Data,hh
428,Data Аналитик (Middle),0,200000,руб.,https://nn.hh.ru/vacancy/76226891?from=vacancy_search_list&query=Data,hh
429,VoC Business Analyst (Customer Experience Analytics Team),3000,0,USD,https://nn.hh.ru/vacancy/76697525?from=vacancy_search_list&query=Data,hh
430,Рекрутер / Старший рекрутер,0,0,0,https://nn.hh.ru/vacancy/76905758?from=vacancy_search_list&query=Data,hh
431,Data Governance Analyst,0,0,0,https://nn.hh.ru/vacancy/76560618?from=vacancy_search_list&query=Data,hh
432,Продуктовый аналитик,0,0,0,https://nn.hh.ru/vacancy/76870591?from=vacancy_search_list&query=Data,hh
433,Продуктовый аналитик,0,0,0,https://nn.hh.ru/vacancy/76712217?from=vacancy_search_list&query=Data,hh
434,Middle Data Scientist / ML Engineer (Time series),0,0,0,https://nn.hh.ru/vacancy/76628486?from=vacancy_search_list&query=Data,hh
435,Старший дата-инженер / Senior Data Engineer,270000,0,руб.,https://nn.hh.ru/vacancy/72161518?from=vacancy_search_list&query=Data,hh
436,Data Steward Intern,0,3800,USD,https://nn.hh.ru/vacancy/76289755?from=vacancy_search_list&query=Data,hh
437,Data Engineer,0,0,0,https://nn.hh.ru/vacancy/72234465?from=vacancy_search_list&query=Data,hh
438,Data Steward Intern,0,3800,USD,https://nn.hh.ru/vacancy/76289753?from=vacancy_search_list&query=Data,hh
439,Младший бизнес-аналитик,0,0,0,https://nn.hh.ru/vacancy/76846407?from=vacancy_search_list&query=Data,hh
440,VoC Business Analyst (Customer Experience Analytics Team),3000,0,USD,https://nn.hh.ru/vacancy/76697541?from=vacancy_search_list&query=Data,hh
441,Credit & Reporting Specialist,0,0,0,https://nn.hh.ru/vacancy/76925591?from=vacancy_search_list&query=Data,hh
442,Data Analyst (PSP Department),0,0,0,https://nn.hh.ru/vacancy/76441430?from=vacancy_search_list&query=Data,hh
443,Разработчик PL/SQL,0,0,0,https://nn.hh.ru/vacancy/76795275?from=vacancy_search_list&query=Data,hh
444,Middle Data Scientist (Северсталь Диджитал),0,0,0,https://nn.hh.ru/vacancy/75932115?from=vacancy_search_list&query=Data,hh
445,Data Engineer (Аудиторные технологии),0,0,0,https://nn.hh.ru/vacancy/75525561?from=vacancy_search_list&query=Data,hh
446,Руководитель направления по анализу данных/pre-Chief Data Officer,0,0,0,https://nn.hh.ru/vacancy/75624204?from=vacancy_search_list&query=Data,hh
447,Руководитель направления Искусственного Интеллекта (Data Science),0,0,0,https://nn.hh.ru/vacancy/76588787?from=vacancy_search_list&query=Data,hh
448,Data Analyst,0,0,0,https://nn.hh.ru/vacancy/76391927?from=vacancy_search_list&query=Data,hh
449,Project administrator,60000,0,руб.,https://nn.hh.ru/vacancy/77004328?from=vacancy_search_list&query=Data,hh
450,Data engineer,0,0,0,https://nn.hh.ru/vacancy/73861931?from=vacancy_search_list&query=Data,hh
451,Дата–партнер (Data Partner),0,0,0,https://nn.hh.ru/vacancy/76536493?from=vacancy_search_list&query=Data,hh
452,Junior developer/data engineer BI,60000,80000,руб.,https://nn.hh.ru/vacancy/76521164?from=vacancy_search_list&query=Data,hh
453,Head of Data Science,0,0,0,https://nn.hh.ru/vacancy/76270734?from=vacancy_search_list&query=Data,hh
454,Data engineer (middle+),0,0,0,https://nn.hh.ru/vacancy/75634437?from=vacancy_search_list&query=Data,hh
455,Data Scientist,0,0,0,https://nn.hh.ru/vacancy/76047561?from=vacancy_search_list&query=Data,hh
456,Lead Data Scientist,0,0,0,https://nn.hh.ru/vacancy/76403695?from=vacancy_search_list&query=Data,hh
457,Аналитик BI (отчетность DWH),0,0,0,https://nn.hh.ru/vacancy/72357876?from=vacancy_search_list&query=Data,hh
458,Data Analyst (Partner`s sales),150000,0,руб.,https://nn.hh.ru/vacancy/76217954?from=vacancy_search_list&query=Data,hh
459,Data Scientist,0,0,0,https://nn.hh.ru/vacancy/73989501?from=vacancy_search_list&query=Data,hh
460,Junior Marketing Specialist (Trade Marketing),0,0,0,https://nn.hh.ru/vacancy/76925444?from=vacancy_search_list&query=Data,hh
461,Business Analyst,0,0,0,https://nn.hh.ru/vacancy/76534432?from=vacancy_search_list&query=Data,hh
462,Data Analyst,0,0,0,https://nn.hh.ru/vacancy/76323494?from=vacancy_search_list&query=Data,hh
463,Media Insights analyst / Специалист по анализу данных о потребителе в медиа,0,0,0,https://nn.hh.ru/vacancy/76507412?from=vacancy_search_list&query=Data,hh
464,Data Engineer (ETL),0,0,0,https://nn.hh.ru/vacancy/76710607?from=vacancy_search_list&query=Data,hh
465,Quantitative researcher,5000,7000,USD,https://nn.hh.ru/vacancy/76567518?from=vacancy_search_list&query=Data,hh
466,Data Engineer,0,0,0,https://nn.hh.ru/vacancy/73351033?from=vacancy_search_list&query=Data,hh
467,Руководитель отдела системного администрирования,0,0,0,https://nn.hh.ru/vacancy/76007426?from=vacancy_search_list&query=Data,hh
468,Senior Data Scientist (в Германию),0,0,0,https://nn.hh.ru/vacancy/76661203?from=vacancy_search_list&query=Data,hh
469,Продуктовый аналитик/Data scientist,0,0,0,https://nn.hh.ru/vacancy/75911868?from=vacancy_search_list&query=Data,hh
470,Data Scientist NLP,0,0,0,https://nn.hh.ru/vacancy/76092704?from=vacancy_search_list&query=Data,hh
471,Программист Python (Junior),30000,0,руб.,https://nn.hh.ru/vacancy/76771861?from=vacancy_search_list&query=Data,hh
472,DS/ML engineer,0,0,0,https://nn.hh.ru/vacancy/76667638?from=vacancy_search_list&query=Data,hh
473,TechLead Research Engineer (NLP/Speech),300000,400000,руб.,https://nn.hh.ru/vacancy/54372019?from=vacancy_search_list&query=Data,hh
474,Аналитик Big Data,0,0,0,https://nn.hh.ru/vacancy/76289531?from=vacancy_search_list&query=Data,hh
475,Lead Data Scientist (Руководитель отдела моделирования и анализа больших данных),0,0,0,https://nn.hh.ru/vacancy/75284249?from=vacancy_search_list&query=Data,hh
476,Middle Data аналитик (Middle Data Analyst),0,0,0,https://nn.hh.ru/vacancy/76367838?from=vacancy_search_list&query=Data,hh
477,Data Analyst,0,0,0,https://nn.hh.ru/vacancy/76205614?from=vacancy_search_list&query=Data,hh
478,Intern in IT Risk,0,0,0,https://nn.hh.ru/vacancy/72173838?from=vacancy_search_list&query=Data,hh
479,Insights & Analytics Specialist,0,0,0,https://nn.hh.ru/vacancy/76765711?from=vacancy_search_list&query=Data,hh
480,Billing & Administrative Specialist,0,0,0,https://nn.hh.ru/vacancy/76908571?from=vacancy_search_list&query=Data,hh
481,HR Business partner,0,0,0,https://nn.hh.ru/vacancy/76416514?from=vacancy_search_list&query=Data,hh
482,Data Scientist (Senior),0,0,0,https://nn.hh.ru/vacancy/72821352?from=vacancy_search_list&query=Data,hh
483,ML Team Lead на продукт MTS Travel (Big Data),0,0,0,https://nn.hh.ru/vacancy/76420732?from=vacancy_search_list&query=Data,hh
484,Data Engineer/ETL Developer,0,0,0,https://nn.hh.ru/vacancy/76750204?from=vacancy_search_list&query=Data,hh
485,"Автор-лектор курса ""Введение в PyTorch""",0,0,0,https://nn.hh.ru/vacancy/76907082?from=vacancy_search_list&query=Data,hh
486,Дата-инженер,0,0,0,https://nn.hh.ru/vacancy/68045110?from=vacancy_search_list&query=Data,hh
487,Аналитик - Разработчик Data Science,0,0,0,https://nn.hh.ru/vacancy/74059409?from=vacancy_search_list&query=Data,hh
488,Специалист по данным / Data Engineer,70000,0,руб.,https://nn.hh.ru/vacancy/73061294?from=vacancy_search_list&query=Data,hh
489,Senior Data Engineer [CJ Monitoring & Discovery],0,0,0,https://nn.hh.ru/vacancy/76605571?from=vacancy_search_list&query=Data,hh
490,Big data Platform Director / Директор платформы больших данных,0,0,0,https://nn.hh.ru/vacancy/70393531?from=vacancy_search_list&query=Data,hh
491,Бизнес-аналитик в отчетность DWH,0,0,0,https://nn.hh.ru/vacancy/69199025?from=vacancy_search_list&query=Data,hh
492,Junior Brand Manager,0,0,0,https://nn.hh.ru/vacancy/76857514?from=vacancy_search_list&query=Data,hh
493,"Junior IFRS Specialist, Finance Department",0,0,0,https://nn.hh.ru/vacancy/76903347?from=vacancy_search_list&query=Data,hh
494,Маркетинговый аналитик,0,0,0,https://nn.hh.ru/vacancy/75551222?from=vacancy_search_list&query=Data,hh
495,Data архитектор,0,0,0,https://nn.hh.ru/vacancy/76528310?from=vacancy_search_list&query=Data,hh
496,"Data scientist (проект ""Антиспам"")",0,0,0,https://nn.hh.ru/vacancy/69774675?from=vacancy_search_list&query=Data,hh
497,Архитектор данных,0,0,0,https://nn.hh.ru/vacancy/76694424?from=vacancy_search_list&query=Data,hh
498,Product Researcher / Finance Analyst,1000,1300,USD,https://nn.hh.ru/vacancy/76756504?from=vacancy_search_list&query=Data,hh
499,Data Engineer,0,0,0,https://nn.hh.ru/vacancy/76128187?from=vacancy_search_list&query=Data,hh
500,Продуктовый аналитик (B2B RTE),0,0,0,https://nn.hh.ru/vacancy/71909816?from=vacancy_search_list&query=Data,hh
501,Инженер направления Big Data,0,0,0,https://nn.hh.ru/vacancy/69421371?from=vacancy_search_list&query=Data,hh
502,Аналитик финансовых рынков,0,0,0,https://nn.hh.ru/vacancy/76595346?from=vacancy_search_list&query=Data,hh
503,BI Automatisation Manager,200000,300000,руб.,https://nn.hh.ru/vacancy/76615664?from=vacancy_search_list&query=Data,hh
504,Intern in IT Risk,0,0,0,https://nn.hh.ru/vacancy/72173837?from=vacancy_search_list&query=Data,hh
505,Аналитик BI (отчетность DWH),0,0,0,https://nn.hh.ru/vacancy/72282178?from=vacancy_search_list&query=Data,hh
506,Data-инженер,0,0,0,https://nn.hh.ru/vacancy/71766910?from=vacancy_search_list&query=Data,hh
507,Аналитик DWH,0,0,0,https://nn.hh.ru/vacancy/76552936?from=vacancy_search_list&query=Data,hh
508,TeamLead Data Analyst в Отдел контентной аналитики,0,0,0,https://nn.hh.ru/vacancy/73345027?from=vacancy_search_list&query=Data,hh
509,Аналитик/ Data engineer хранилища данных,0,0,0,https://nn.hh.ru/vacancy/76498792?from=vacancy_search_list&query=Data,hh
510,Data Engineer,0,0,0,https://nn.hh.ru/vacancy/75521292?from=vacancy_search_list&query=Data,hh
511,Data Engineer (Team Lead),200000,0,руб.,https://nn.hh.ru/vacancy/73225028?from=vacancy_search_list&query=Data,hh
512,Data Analyst | Lead data analyst [CJ Monitoring & Discovery],0,0,0,https://nn.hh.ru/vacancy/76509317?from=vacancy_search_list&query=Data,hh
513,Lead Data Analyst (Ташкент),0,0,0,https://nn.hh.ru/vacancy/76269193?from=vacancy_search_list&query=Data,hh
514,Bioinformatician - Kassandra (Yerevan),0,0,0,https://nn.hh.ru/vacancy/76608441?from=vacancy_search_list&query=Data,hh
515,Data Engineer,0,0,0,https://nn.hh.ru/vacancy/76442309?from=vacancy_search_list&query=Data,hh
516,Associate to Audit (Almaty),0,0,0,https://nn.hh.ru/vacancy/76743994?from=vacancy_search_list&query=Data,hh
517,"Data Scientist на проект ""Синтез речи"" (remote)",0,0,0,https://nn.hh.ru/vacancy/76391976?from=vacancy_search_list&query=Data,hh
518,Дата инженер (Data engineer) Управление модельных рисков и валидации,0,0,0,https://nn.hh.ru/vacancy/70506992?from=vacancy_search_list&query=Data,hh
519,Senior Python developer (MLOps),3500,0,EUR,https://nn.hh.ru/vacancy/72709055?from=vacancy_search_list&query=Data,hh
520,Data Scientist ML/DL,0,0,0,https://nn.hh.ru/vacancy/72236599?from=vacancy_search_list&query=Data,hh
521,Ассистент руководителя,3000000,6000000,сум,https://nn.hh.ru/vacancy/76585487?from=vacancy_search_list&query=Data,hh
522,Team lead Data Scientist,0,0,0,https://nn.hh.ru/vacancy/76092074?from=vacancy_search_list&query=Data,hh
523,Senior Data Scientist (WAF),0,0,0,https://nn.hh.ru/vacancy/74252170?from=vacancy_search_list&query=Data,hh
524,Data scientist (исследователь) с релокацией,0,0,0,https://nn.hh.ru/vacancy/76339890?from=vacancy_search_list&query=Data,hh
525,Разработчик витрин данных,0,0,0,https://nn.hh.ru/vacancy/73118253?from=vacancy_search_list&query=Data,hh
526,Lead/Senior Data scientist,0,0,0,https://nn.hh.ru/vacancy/76587872?from=vacancy_search_list&query=Data,hh
527,Senior Data Scientist (WAF),0,0,0,https://nn.hh.ru/vacancy/74252171?from=vacancy_search_list&query=Data,hh
528,Стажер центра поддержки сотрудников,0,0,0,https://nn.hh.ru/vacancy/75510810?from=vacancy_search_list&query=Data,hh
529,Разметчик данных для машинного обучения,4000,20000,руб.,https://nn.hh.ru/vacancy/76115918?from=vacancy_search_list&query=Data,hh
530,Системный аналитик Big Data,0,0,0,https://nn.hh.ru/vacancy/73867373?from=vacancy_search_list&query=Data,hh
531,Аналитик данных,11200000,0,сум,https://nn.hh.ru/vacancy/74272043?from=vacancy_search_list&query=Data,hh
532,"Accounting & External Reporting Analyst, Indirect Tax",0,0,0,https://nn.hh.ru/vacancy/76770076?from=vacancy_search_list&query=Data,hh
533,Аналитик по работе с большими данными,0,0,0,https://nn.hh.ru/vacancy/76376195?from=vacancy_search_list&query=Data,hh
534,"Intern – Executive, Fixed Assets and Real Estate, Deal Advisory",0,0,0,https://nn.hh.ru/vacancy/75802280?from=vacancy_search_list&query=Data,hh
535,Data Engineer,0,0,0,https://nn.hh.ru/vacancy/76220830?from=vacancy_search_list&query=Data,hh
536,Middle/Senior Data Scientist в направление Рекомендательной платформы (Big Data),0,0,0,https://nn.hh.ru/vacancy/76384250?from=vacancy_search_list&query=Data,hh
537,"Consultant / Intern (Forensic practice, Consulting)",0,0,0,https://nn.hh.ru/vacancy/76425476?from=vacancy_search_list&query=Data,hh
538,Assistant Professor - Software Development and Engineering (eng),0,0,0,https://nn.hh.ru/vacancy/73329752?from=vacancy_search_list&query=Data,hh
539,Middle/Senior Data Engineer (SberDevices),0,0,0,https://nn.hh.ru/vacancy/74267349?from=vacancy_search_list&query=Data,hh
540,Data analyst,0,0,0,https://nn.hh.ru/vacancy/74079808?from=vacancy_search_list&query=Data,hh
541,Аналитик данных,0,0,0,https://nn.hh.ru/vacancy/76350146?from=vacancy_search_list&query=Data,hh
542,Data Engineer,0,0,0,https://nn.hh.ru/vacancy/76074381?from=vacancy_search_list&query=Data,hh
543,"Data Analyst (ad hoc, BI, PowerPoint)",0,0,0,https://nn.hh.ru/vacancy/76116562?from=vacancy_search_list&query=Data,hh
544,Ведущий аналитик (качество данных\Data quality),0,0,0,https://nn.hh.ru/vacancy/72750262?from=vacancy_search_list&query=Data,hh
545,"Machine learning engineer (проект ""Группы"")",0,0,0,https://nn.hh.ru/vacancy/68447647?from=vacancy_search_list&query=Data,hh
546,Data Engineer (команда ленты и рекомендаций),0,0,0,https://nn.hh.ru/vacancy/76349576?from=vacancy_search_list&query=Data,hh
547,Data engineer,0,0,0,https://nn.hh.ru/vacancy/70535270?from=vacancy_search_list&query=Data,hh
548,Content moderator (with knowledge of Kazakh and English),0,2700,GEL,https://nn.hh.ru/vacancy/76608472?from=vacancy_search_list&query=Data,hh
549,"Аналитик данных (data analyst) - CRM, CDP платформа",0,0,0,https://nn.hh.ru/vacancy/74089887?from=vacancy_search_list&query=Data,hh
550,Стажер отдела базы данных,0,20000,руб.,https://nn.hh.ru/vacancy/76464592?from=vacancy_search_list&query=Data,hh
551,Data Engineer (команда ленты и рекомендаций),0,0,0,https://nn.hh.ru/vacancy/76349577?from=vacancy_search_list&query=Data,hh
552,Power BI Analyst,0,0,0,https://nn.hh.ru/vacancy/76258247?from=vacancy_search_list&query=Data,hh
553,Владелец продукта «данные» (Data product owner),0,0,0,https://nn.hh.ru/vacancy/76095839?from=vacancy_search_list&query=Data,hh
554,Machine Learning Engineer (Рекламные технологии),0,0,0,https://nn.hh.ru/vacancy/76478190?from=vacancy_search_list&query=Data,hh
555,Аналитик данных,0,0,0,https://nn.hh.ru/vacancy/76240797?from=vacancy_search_list&query=Data,hh
556,Data engineer (Рекламная платформа),0,0,0,https://nn.hh.ru/vacancy/75524885?from=vacancy_search_list&query=Data,hh
557,Python разработчик / Отдел анализа и экспертизы,0,0,0,https://nn.hh.ru/vacancy/73758872?from=vacancy_search_list&query=Data,hh
558,Data Engineer (Кампании продаж),0,0,0,https://nn.hh.ru/vacancy/76242757?from=vacancy_search_list&query=Data,hh
559,Junior Business Development Specialist at Bravo Studio,0,0,0,https://nn.hh.ru/vacancy/76785053?from=vacancy_search_list&query=Data,hh
560,Senior Data Scientist (remote),0,0,0,https://nn.hh.ru/vacancy/74141902?from=vacancy_search_list&query=Data,hh
561,Data Engineer (Hadoop),0,0,0,https://nn.hh.ru/vacancy/76395333?from=vacancy_search_list&query=Data,hh
562,Senior data analyst (Team lead),0,0,0,https://nn.hh.ru/vacancy/76292311?from=vacancy_search_list&query=Data,hh
563,Junior Системный аналитик,0,0,0,https://nn.hh.ru/vacancy/76520838?from=vacancy_search_list&query=Data,hh
564,Project Manager / Менеджер проектов,1500,2000,USD,https://nn.hh.ru/vacancy/76708422?from=vacancy_search_list&query=Data,hh
565,IT Project Manager,0,0,0,https://nn.hh.ru/vacancy/76775671?from=vacancy_search_list&query=Data,hh
566,Business Development Manager (MENA),0,0,0,https://nn.hh.ru/vacancy/74181165?from=vacancy_search_list&query=Data,hh
567,Web-разработчик,0,0,0,https://nn.hh.ru/vacancy/76554631?from=vacancy_search_list&query=Data,hh
568,Бизнес-аналитик отдела управления качеством сервиса,0,0,0,https://nn.hh.ru/vacancy/76201661?from=vacancy_search_list&query=Data,hh
569,Content Manager (India),0,0,0,https://nn.hh.ru/vacancy/75897897?from=vacancy_search_list&query=Data,hh
570,"Data инженер (Подольск, МО)",0,0,0,https://nn.hh.ru/vacancy/76235345?from=vacancy_search_list&query=Data,hh
571,"Руководитель направления ""Прогнозирование"" (Data Science Team Lead)",0,0,0,https://nn.hh.ru/vacancy/73589242?from=vacancy_search_list&query=Data,hh
572,Руководитель отдела аналитики,0,0,0,https://nn.hh.ru/vacancy/76477316?from=vacancy_search_list&query=Data,hh
573,Data Engineer,0,0,0,https://nn.hh.ru/vacancy/71904116?from=vacancy_search_list&query=Data,hh
574,Data Engineer/Support Engineer,0,0,0,https://nn.hh.ru/vacancy/76544902?from=vacancy_search_list&query=Data,hh
575,Junior Marketing Specialist (Trade Marketing),0,0,0,https://nn.hh.ru/vacancy/76709715?from=vacancy_search_list&query=Data,hh
576,Senior Data Engineer/Data Engineer,0,0,0,https://nn.hh.ru/vacancy/76094555?from=vacancy_search_list&query=Data,hh
577,Product manager,0,200000,руб.,https://nn.hh.ru/vacancy/75875405?from=vacancy_search_list&query=Data,hh
578,Content moderator (with knowledge of Kazakh and English),0,2700,GEL,https://nn.hh.ru/vacancy/76608479?from=vacancy_search_list&query=Data,hh
579,Data scientist middle,0,0,0,https://nn.hh.ru/vacancy/76225494?from=vacancy_search_list&query=Data,hh
580,Бизнес - аналитик,0,0,0,https://nn.hh.ru/vacancy/75664088?from=vacancy_search_list&query=Data,hh
581,Middle Data Scientist (Скоринги Партнерств и ПБД),0,0,0,https://nn.hh.ru/vacancy/76281676?from=vacancy_search_list&query=Data,hh
582,Senior Data Scientist,0,0,0,https://nn.hh.ru/vacancy/76165505?from=vacancy_search_list&query=Data,hh
583,Аналитик (аналитическая отчетность),0,0,0,https://nn.hh.ru/vacancy/76449041?from=vacancy_search_list&query=Data,hh
584,Power BI Developer,0,0,0,https://nn.hh.ru/vacancy/74928645?from=vacancy_search_list&query=Data,hh
585,Client Excellence Manager (Remote),0,0,0,https://nn.hh.ru/vacancy/76611278?from=vacancy_search_list&query=Data,hh
586,DWH-разработчик,250000,0,руб.,https://nn.hh.ru/vacancy/76377171?from=vacancy_search_list&query=Data,hh
587,Data Engineer,0,0,0,https://nn.hh.ru/vacancy/76064896?from=vacancy_search_list&query=Data,hh
588,Middle Data Scientist в Sber AI LAB,0,0,0,https://nn.hh.ru/vacancy/76214534?from=vacancy_search_list&query=Data,hh
589,Middle/Senior Data Analyst в команду AI SmartCare,0,0,0,https://nn.hh.ru/vacancy/76238683?from=vacancy_search_list&query=Data,hh
590,Аналитик на Power BI (удаленно),0,0,0,https://nn.hh.ru/vacancy/76507052?from=vacancy_search_list&query=Data,hh
591,Data scientist (Управление рисками корпоративных клиентов),0,0,0,https://nn.hh.ru/vacancy/76328543?from=vacancy_search_list&query=Data,hh
592,Младший веб аналитик,60000,100000,руб.,https://nn.hh.ru/vacancy/76147239?from=vacancy_search_list&query=Data,hh
593,Senior Data Engineer/Data Engineer,0,0,0,https://nn.hh.ru/vacancy/76094586?from=vacancy_search_list&query=Data,hh
594,Middle Python Developer,1500,2500,USD,https://nn.hh.ru/vacancy/76574398?from=vacancy_search_list&query=Data,hh
595,IT-аналитик на платформе Greendata,100000,160000,руб.,https://nn.hh.ru/vacancy/76155057?from=vacancy_search_list&query=Data,hh
596,Content moderator (with knowledge of Kazakh and English),0,2700,GEL,https://nn.hh.ru/vacancy/76608474?from=vacancy_search_list&query=Data,hh
597,Content moderator (with knowledge of Kazakh and English),0,2700,GEL,https://nn.hh.ru/vacancy/76608478?from=vacancy_search_list&query=Data,hh
598,Middle Системный аналитик в МТС FIX (Big Data),0,0,0,https://nn.hh.ru/vacancy/76438357?from=vacancy_search_list&query=Data,hh
599,Senior ML engineer,0,0,0,https://nn.hh.ru/vacancy/76461031?from=vacancy_search_list&query=Data,hh
600,Manager of the Office of the Registrar (IT),0,0,0,https://nn.hh.ru/vacancy/74910578?from=vacancy_search_list&query=Data,hh
601,Программист Python,0,1100000,KZT,https://nn.hh.ru/vacancy/76090819?from=vacancy_search_list&query=Data,hh
602,Аналитик отдела ценообразования,0,0,0,https://nn.hh.ru/vacancy/76467937?from=vacancy_search_list&query=Data,hh
603,"Стажер / Intern (Digital, Marketing)",0,0,0,https://nn.hh.ru/vacancy/76432842?from=vacancy_search_list&query=Data,hh
604,Помощник маркетинг-аналитика в консалтинговую компанию,60000,0,руб.,https://nn.hh.ru/vacancy/76349316?from=vacancy_search_list&query=Data,hh
605,ETL разработчик,0,0,0,https://nn.hh.ru/vacancy/74253980?from=vacancy_search_list&query=Data,hh
606,IT Recruiter,0,0,0,https://nn.hh.ru/vacancy/76625941?from=vacancy_search_list&query=Data,hh
607,Разработчик ETL (Hadoop),0,0,0,https://nn.hh.ru/vacancy/68737972?from=vacancy_search_list&query=Data,hh
608,ML Engineer (middle),0,0,0,https://nn.hh.ru/vacancy/76391390?from=vacancy_search_list&query=Data,hh
609,Financial Analyst,0,0,0,https://nn.hh.ru/vacancy/75927985?from=vacancy_search_list&query=Data,hh
610,Разработчик ETL процессов,0,0,0,https://nn.hh.ru/vacancy/76072281?from=vacancy_search_list&query=Data,hh
611,Инженер по машинному обучению,0,0,0,https://nn.hh.ru/vacancy/68352725?from=vacancy_search_list&query=Data,hh
612,Дата инженер,0,0,0,https://nn.hh.ru/vacancy/74010302?from=vacancy_search_list&query=Data,hh
613,Помощник маркетинг-аналитика в консалтинговую компанию,60000,0,руб.,https://nn.hh.ru/vacancy/76349317?from=vacancy_search_list&query=Data,hh
614,Senior Backend Developer,5000,9000,USD,https://nn.hh.ru/vacancy/76245655?from=vacancy_search_list&query=Data,hh
615,"Intern, M&A Tax group, Tax Department Almaty",0,0,0,https://nn.hh.ru/vacancy/71903591?from=vacancy_search_list&query=Data,hh
616,Senior Backend Developer,5000,9000,USD,https://nn.hh.ru/vacancy/76245656?from=vacancy_search_list&query=Data,hh
617,Junior Product Manager,120000,200000,руб.,https://nn.hh.ru/vacancy/76348755?from=vacancy_search_list&query=Data,hh
618,System analyst,0,0,0,https://nn.hh.ru/vacancy/75407967?from=vacancy_search_list&query=Data,hh
619,Ведущий аналитик службы заботы о клиентах,0,0,0,https://nn.hh.ru/vacancy/76112557?from=vacancy_search_list&query=Data,hh
620,Data Scientist (Скормейкер),0,0,0,https://nn.hh.ru/vacancy/76636130?from=vacancy_search_list&query=Data,hh
621,Python Team Lead,0,0,0,https://nn.hh.ru/vacancy/76976147?from=vacancy_search_list&query=Data,hh
622,Lead Generation Specialist,0,0,0,https://nn.hh.ru/vacancy/76819201?from=vacancy_search_list&query=Data,hh
623,Business Process Development Analyst (S&OP / IBP),0,0,0,https://nn.hh.ru/vacancy/76929549?from=vacancy_search_list&query=Data,hh
624,Junior Data Scientist (математик),0,0,0,https://nn.hh.ru/vacancy/76148828?from=vacancy_search_list&query=Data,hh
625,Academic Officer (Admission),0,0,0,https://nn.hh.ru/vacancy/76994568?from=vacancy_search_list&query=Data,hh
626,Data Entry Intern,0,0,0,https://nn.hh.ru/vacancy/76229132?from=vacancy_search_list&query=Data,hh
627,Junior Business Analyst,0,0,0,https://nn.hh.ru/vacancy/76867345?from=vacancy_search_list&query=Data,hh
628,Администратор баз данных (объектно-реляционных СУБД),0,0,0,https://nn.hh.ru/vacancy/76916142?from=vacancy_search_list&query=Data,hh
629,Data Engineer,1200,1500,бел.руб.,https://nn.hh.ru/vacancy/76446913?from=vacancy_search_list&query=Data,hh
630,Marketing Assistant,0,0,0,https://nn.hh.ru/vacancy/76807326?from=vacancy_search_list&query=Data,hh
631,Audit Junior specialist,0,0,0,https://nn.hh.ru/vacancy/75755566?from=vacancy_search_list&query=Data,hh
632,Data Analyst (Game),0,0,0,https://nn.hh.ru/vacancy/76229847?from=vacancy_search_list&query=Data,hh
633,Media Buyer,2500,6000,бел.руб.,https://nn.hh.ru/vacancy/76783492?from=vacancy_search_list&query=Data,hh
634,Lead Generation Specialist,0,0,0,https://nn.hh.ru/vacancy/76655890?from=vacancy_search_list&query=Data,hh
635,Аналитик IT,0,0,0,https://nn.hh.ru/vacancy/76509151?from=vacancy_search_list&query=Data,hh
636,Web Content Manager,0,0,0,https://nn.hh.ru/vacancy/54513016?from=vacancy_search_list&query=Data,hh
637,Data Engineer / Разработчик по машинному обучению и ИИ,350000,0,KZT,https://nn.hh.ru/vacancy/76475054?from=vacancy_search_list&query=Data,hh
638,Operations Officer,0,0,0,https://nn.hh.ru/vacancy/76280778?from=vacancy_search_list&query=Data,hh
639,IT Manager,0,0,0,https://nn.hh.ru/vacancy/76675430?from=vacancy_search_list&query=Data,hh
640,Product Growth Manager,0,0,0,https://nn.hh.ru/vacancy/76738482?from=vacancy_search_list&query=Data,hh
641,BI manager,0,0,0,https://nn.hh.ru/vacancy/77154095?from=vacancy_search_list&query=Data,hh
642,Customer Support Specialist,1300,0,бел.руб.,https://nn.hh.ru/vacancy/77091092?from=vacancy_search_list&query=Data,hh
643,Администратор баз данных (PostgreSQL DBA),265000,390000,руб.,https://nn.hh.ru/vacancy/77020200?from=vacancy_search_list&query=Data,hh
644,Senior Search Engine Optimization,0,0,0,https://nn.hh.ru/vacancy/76560604?from=vacancy_search_list&query=Data,hh
645,Paid Traffic Manager | Performance Advertising Specialist,120000,350000,руб.,https://nn.hh.ru/vacancy/77178992?from=vacancy_search_list&query=Data,hh
646,Senior Data Engineer (DataPlatform team),0,0,0,https://nn.hh.ru/vacancy/69614008?from=vacancy_search_list&query=Data,hh
647,Разработчик виртуальной сети в Yandex Cloud (CloudGate),0,0,0,https://nn.hh.ru/vacancy/75923105?from=vacancy_search_list&query=Data,hh
648,User acquisition / Traffic specialist,0,0,0,https://nn.hh.ru/vacancy/77076824?from=vacancy_search_list&query=Data,hh
649,Business Developer,0,0,0,https://nn.hh.ru/vacancy/76327157?from=vacancy_search_list&query=Data,hh
650,CI Engineer,5000,0,USD,https://nn.hh.ru/vacancy/76770084?from=vacancy_search_list&query=Data,hh
651,Старший системный аналитик (удаленно),0,0,0,https://nn.hh.ru/vacancy/76090235?from=vacancy_search_list&query=Data,hh
652,User acquisition / Traffic specialist,0,0,0,https://nn.hh.ru/vacancy/76977564?from=vacancy_search_list&query=Data,hh
653,Ведущий дата-инженер,0,0,0,https://nn.hh.ru/vacancy/76859360?from=vacancy_search_list&query=Data,hh
654,Field Force manager XIAOMI,500000,500000,KZT,https://nn.hh.ru/vacancy/76328486?from=vacancy_search_list&query=Data,hh
655,Business Development Manager MENA (Intercity),0,0,0,https://nn.hh.ru/vacancy/77217710?from=vacancy_search_list&query=Data,hh
656,Data Scientist (Валидация моделей кредитного риска КИБ),0,0,0,https://nn.hh.ru/vacancy/77125627?from=vacancy_search_list&query=Data,hh
657,Middle Data Engineer (ETL),0,0,0,https://nn.hh.ru/vacancy/76225754?from=vacancy_search_list&query=Data,hh
658,Старший аналитик по поддержке Jira/Confluence,0,0,0,https://nn.hh.ru/vacancy/76969325?from=vacancy_search_list&query=Data,hh
659,Системный аналитик / system analyst,0,0,0,https://nn.hh.ru/vacancy/72544715?from=vacancy_search_list&query=Data,hh
660,Consumer insight manager \ CMI lead,0,0,0,https://nn.hh.ru/vacancy/77154092?from=vacancy_search_list&query=Data,hh
661,R&D Sensory and Consumer Product Insights Scientist,0,0,0,https://nn.hh.ru/vacancy/77143172?from=vacancy_search_list&query=Data,hh
662,Аналитик,0,0,0,https://nn.hh.ru/vacancy/76760038?from=vacancy_search_list&query=Data,hh
663,Group Chief risk officer (Russia and CEE),0,0,0,https://nn.hh.ru/vacancy/67265720?from=vacancy_search_list&query=Data,hh
664,Data Engineer Middle+/Senior (Remote),0,0,0,https://nn.hh.ru/vacancy/77029933?from=vacancy_search_list&query=Data,hh
665,Senior/Lead Product Analyst,0,0,0,https://nn.hh.ru/vacancy/76395912?from=vacancy_search_list&query=Data,hh
666,Администратор Oracle,0,0,0,https://nn.hh.ru/vacancy/76020332?from=vacancy_search_list&query=Data,hh
667,Системный аналитик,80000,120000,руб.,https://nn.hh.ru/vacancy/76971809?from=vacancy_search_list&query=Data,hh
668,Разработчик Spark,0,0,0,https://nn.hh.ru/vacancy/76779056?from=vacancy_search_list&query=Data,hh
669,Senior Data Analyst (Аналитик данных),0,0,0,https://nn.hh.ru/vacancy/76747491?from=vacancy_search_list&query=Data,hh
670,Бизнес-аналитик сегмента B2G,0,0,0,https://nn.hh.ru/vacancy/76078645?from=vacancy_search_list&query=Data,hh
671,"Автора-лектор курса ""Архитектура нейросетей""",0,0,0,https://nn.hh.ru/vacancy/76902133?from=vacancy_search_list&query=Data,hh
672,System analyst,0,0,0,https://nn.hh.ru/vacancy/75781303?from=vacancy_search_list&query=Data,hh
673,Разработчик Python,0,0,0,https://nn.hh.ru/vacancy/77090228?from=vacancy_search_list&query=Data,hh
674,Инженер сопровождения инфраструктуры (Data Platform),0,0,0,https://nn.hh.ru/vacancy/76703718?from=vacancy_search_list&query=Data,hh
675,Менеджер по продуктам и инструментам управления данными,0,0,0,https://nn.hh.ru/vacancy/76373215?from=vacancy_search_list&query=Data,hh
676,Стажёр в банк,0,0,0,https://nn.hh.ru/vacancy/77196616?from=vacancy_search_list&query=Data,hh
677,Project Manager of Marketing BI system,0,0,0,https://nn.hh.ru/vacancy/75914880?from=vacancy_search_list&query=Data,hh
678,Marketing analyst,0,0,0,https://nn.hh.ru/vacancy/77090847?from=vacancy_search_list&query=Data,hh
679,"General Manager of the Hardware Office (data networks, IP telephony, video conferencing hardware)",0,0,0,https://nn.hh.ru/vacancy/77185385?from=vacancy_search_list&query=Data,hh
680,Аналитик данных,0,0,0,https://nn.hh.ru/vacancy/76920748?from=vacancy_search_list&query=Data,hh
681,"Security GRC (Governance, Risk, Compliance)/ Специалист по информационной безопасности",0,4500,EUR,https://nn.hh.ru/vacancy/76242618?from=vacancy_search_list&query=Data,hh
682,Аналитик хранилища данных и отчетности (DWH/ BI),0,0,0,https://nn.hh.ru/vacancy/75579112?from=vacancy_search_list&query=Data,hh
683,Support TeamLead,0,0,0,https://nn.hh.ru/vacancy/76454331?from=vacancy_search_list&query=Data,hh
684,Аналитик технической поддержки BI-системы,0,0,0,https://nn.hh.ru/vacancy/75576564?from=vacancy_search_list&query=Data,hh
685,Администратор платформы больших данных (Big Data Administrator),0,0,0,https://nn.hh.ru/vacancy/70468120?from=vacancy_search_list&query=Data,hh
686,Web-аналитик в продуктовой IT-компании,90000,150000,руб.,https://nn.hh.ru/vacancy/74143696?from=vacancy_search_list&query=Data,hh
687,Преподаватель – бизнес-аналитик,0,250000,руб.,https://nn.hh.ru/vacancy/76484494?from=vacancy_search_list&query=Data,hh
688,Инвестиционный аналитик Defi (Remote),0,0,0,https://nn.hh.ru/vacancy/77164560?from=vacancy_search_list&query=Data,hh
689,Менеджер по продажам цифровых и IT-продуктов (M2M),150000,0,руб.,https://nn.hh.ru/vacancy/72785991?from=vacancy_search_list&query=Data,hh
690,Аналитик/Ведущий аналитик DWH,0,0,0,https://nn.hh.ru/vacancy/77208628?from=vacancy_search_list&query=Data,hh
691,QA Lead,0,0,0,https://nn.hh.ru/vacancy/77092803?from=vacancy_search_list&query=Data,hh
692,Data Engineer (Scala/Java),0,0,0,https://nn.hh.ru/vacancy/77064440?from=vacancy_search_list&query=Data,hh
693,Senior Data Engineer,0,0,0,https://nn.hh.ru/vacancy/76468311?from=vacancy_search_list&query=Data,hh
694,Техлид / Tech Lead BigData,0,0,0,https://nn.hh.ru/vacancy/76382357?from=vacancy_search_list&query=Data,hh
695,Presales manager/SDR/Менеджер по развитию B2B,0,0,0,https://nn.hh.ru/vacancy/76325692?from=vacancy_search_list&query=Data,hh
696,Аналитик в розничную команду данных,0,0,0,https://nn.hh.ru/vacancy/77146249?from=vacancy_search_list&query=Data,hh
697,Системный аналитик DWH,0,0,0,https://nn.hh.ru/vacancy/76888774?from=vacancy_search_list&query=Data,hh
698,Системный аналитик (Решения для моделирования),0,0,0,https://nn.hh.ru/vacancy/74332562?from=vacancy_search_list&query=Data,hh
699,Web-аналитик,0,90000,руб.,https://nn.hh.ru/vacancy/76986660?from=vacancy_search_list&query=Data,hh
700,Influencer Marketing Manager,0,0,0,https://nn.hh.ru/vacancy/76000065?from=vacancy_search_list&query=Data,hh
701,Media Planner,0,0,0,https://nn.hh.ru/vacancy/76966105?from=vacancy_search_list&query=Data,hh
702,DevOPS / SRE Engineer,4500,6000,USD,https://nn.hh.ru/vacancy/76080449?from=vacancy_search_list&query=Data,hh
703,Senior Data Analyst/Аналитик данных (аналитика соцмедиа),0,0,0,https://nn.hh.ru/vacancy/76954260?from=vacancy_search_list&query=Data,hh
704,Разработчик хранилища данных,0,0,0,https://nn.hh.ru/vacancy/76769564?from=vacancy_search_list&query=Data,hh
705,Администратор баз данных Oracle,200000,0,руб.,https://nn.hh.ru/vacancy/77123476?from=vacancy_search_list&query=Data,hh
706,Разработчик виртуальной сети в Yandex Cloud (CloudGate),0,0,0,https://nn.hh.ru/vacancy/75923109?from=vacancy_search_list&query=Data,hh
707,Digital media planner / Эксперт по планированию в digital,0,0,0,https://nn.hh.ru/vacancy/76972780?from=vacancy_search_list&query=Data,hh
708,DBA в Managed Services (Big Data),0,0,0,https://nn.hh.ru/vacancy/72671062?from=vacancy_search_list&query=Data,hh
709,Разработчик ETL\DWH [id9725],0,0,0,https://nn.hh.ru/vacancy/77126555?from=vacancy_search_list&query=Data,hh
710,Аналитик данных (HR-аналитика),0,0,0,https://nn.hh.ru/vacancy/76335766?from=vacancy_search_list&query=Data,hh
711,Бизнес-аналитик в отчетность DWH,0,0,0,https://nn.hh.ru/vacancy/77080585?from=vacancy_search_list&query=Data,hh
712,Product owner маркетинговой\CJM платформы,0,0,0,https://nn.hh.ru/vacancy/76651725?from=vacancy_search_list&query=Data,hh
713,Разработчик виртуальной сети в Yandex Cloud (CloudGate),0,0,0,https://nn.hh.ru/vacancy/75923106?from=vacancy_search_list&query=Data,hh
714,System Administrators Team Lead (remote),2000,3000,USD,https://nn.hh.ru/vacancy/77074976?from=vacancy_search_list&query=Data,hh
715,Специалист по нейронным сетям,0,0,0,https://nn.hh.ru/vacancy/77133259?from=vacancy_search_list&query=Data,hh
716,Руководитель отдела дата разработки,0,0,0,https://nn.hh.ru/vacancy/71673341?from=vacancy_search_list&query=Data,hh
717,Ведущий Back-end разработчик,100000,0,руб.,https://nn.hh.ru/vacancy/76611758?from=vacancy_search_list&query=Data,hh
718,Аналитик BI (отчетность DWH),0,0,0,https://nn.hh.ru/vacancy/70364732?from=vacancy_search_list&query=Data,hh
719,Lead Performance Marketing,0,0,0,https://nn.hh.ru/vacancy/76444381?from=vacancy_search_list&query=Data,hh
720,Data Scientist / Machine Learning Engineer,0,0,0,https://nn.hh.ru/vacancy/75881375?from=vacancy_search_list&query=Data,hh
721,C++ Senior Software Developer (Cyprus),0,0,0,https://nn.hh.ru/vacancy/76709344?from=vacancy_search_list&query=Data,hh
722,Ad Monetization Manager,0,0,0,https://nn.hh.ru/vacancy/76820757?from=vacancy_search_list&query=Data,hh
723,Financial Manager (Modelling),0,0,0,https://nn.hh.ru/vacancy/76976400?from=vacancy_search_list&query=Data,hh
724,User acquisition manager,0,0,0,https://nn.hh.ru/vacancy/77211437?from=vacancy_search_list&query=Data,hh
725,Старший аналитик,0,0,0,https://nn.hh.ru/vacancy/77030045?from=vacancy_search_list&query=Data,hh
726,Web analyst,0,0,0,https://nn.hh.ru/vacancy/70679724?from=vacancy_search_list&query=Data,hh
727,Менеджер по продажам (IT продукт - DaaS),100000,250000,руб.,https://nn.hh.ru/vacancy/76553709?from=vacancy_search_list&query=Data,hh
728,Аналитик - математик,0,0,0,https://nn.hh.ru/vacancy/77056705?from=vacancy_search_list&query=Data,hh
729,Разработчик виртуальной сети в Yandex Cloud (CloudGate),0,0,0,https://nn.hh.ru/vacancy/75923111?from=vacancy_search_list&query=Data,hh
730,Разработчик Hadoop Big Data (стрим Витрины ПИК),0,0,0,https://nn.hh.ru/vacancy/76671458?from=vacancy_search_list&query=Data,hh
731,Старший менеджер по развитию корпоративных решений и сервисов (Product Owner - Voice),200000,0,руб.,https://nn.hh.ru/vacancy/72014743?from=vacancy_search_list&query=Data,hh
732,Специалист по нейронным сетям,0,0,0,https://nn.hh.ru/vacancy/77133262?from=vacancy_search_list&query=Data,hh
733,Finance Manager (Remote),2000,0,USD,https://nn.hh.ru/vacancy/77072788?from=vacancy_search_list&query=Data,hh
734,Client Side Developer,3000,5000,USD,https://nn.hh.ru/vacancy/77123715?from=vacancy_search_list&query=Data,hh
735,Инженер HADOOP,0,0,0,https://nn.hh.ru/vacancy/70740546?from=vacancy_search_list&query=Data,hh
736,Marketing analyst,0,0,0,https://nn.hh.ru/vacancy/77090849?from=vacancy_search_list&query=Data,hh
737,Аналитик CRM,0,0,0,https://nn.hh.ru/vacancy/77062525?from=vacancy_search_list&query=Data,hh
738,Старший менеджер интеграционных проектов в государственном сегменте,0,0,0,https://nn.hh.ru/vacancy/77124418?from=vacancy_search_list&query=Data,hh
739,Инженер HADOOP,0,0,0,https://nn.hh.ru/vacancy/70740547?from=vacancy_search_list&query=Data,hh
740,Senior Product Data Analyst / Ведущий продуктовый аналитик,0,0,0,https://nn.hh.ru/vacancy/75902289?from=vacancy_search_list&query=Data,hh
741,Администратор Oracle,0,0,0,https://nn.hh.ru/vacancy/76020331?from=vacancy_search_list&query=Data,hh
742,Team Lead Data Platform,0,0,0,https://nn.hh.ru/vacancy/71265000?from=vacancy_search_list&query=Data,hh
743,Systems Analyst,0,0,0,https://nn.hh.ru/vacancy/77084812?from=vacancy_search_list&query=Data,hh
744,Консультант/Администратор баз данных,0,0,0,https://nn.hh.ru/vacancy/76713404?from=vacancy_search_list&query=Data,hh
745,DevOps инженер,0,0,0,https://nn.hh.ru/vacancy/76870753?from=vacancy_search_list&query=Data,hh
746,Junior SOC Engineer (L1),0,0,0,https://nn.hh.ru/vacancy/75955758?from=vacancy_search_list&query=Data,hh
747,"Javascript-разработчик (TypeScript, WebRTC)",170000,200000,руб.,https://nn.hh.ru/vacancy/76659813?from=vacancy_search_list&query=Data,hh
748,Разработчик Hadoop Big Data (стрим Витрины ПИК),0,0,0,https://nn.hh.ru/vacancy/76402212?from=vacancy_search_list&query=Data,hh
749,Менеджер по развитию и продажам цифровых и IT-продуктов,100000,0,руб.,https://nn.hh.ru/vacancy/76532902?from=vacancy_search_list&query=Data,hh
750,Аналитик,0,0,0,https://nn.hh.ru/vacancy/76952734?from=vacancy_search_list&query=Data,hh
751,Менеджер проектов / Интернет-маркетолог (удаленная работа),60000,90000,руб.,https://nn.hh.ru/vacancy/76823744?from=vacancy_search_list&query=Data,hh
752,Junior Java Developer,0,140000,руб.,https://nn.hh.ru/vacancy/75726328?from=vacancy_search_list&query=Data,hh
753,"Системный аналитик (DWH/BI, DG/DQ)",0,0,0,https://nn.hh.ru/vacancy/76038530?from=vacancy_search_list&query=Data,hh
754,"DSP/ISP Researcher Scientist, Armenia",0,0,0,https://nn.hh.ru/vacancy/75917593?from=vacancy_search_list&query=Data,hh
755,Администратор баз данных Oracle,200000,0,руб.,https://nn.hh.ru/vacancy/77123476?from=vacancy_search_list&query=Data,hh
756,DevOps Engineer (to Cyprus),0,0,0,https://nn.hh.ru/vacancy/67043576?from=vacancy_search_list&query=Data,hh
757,Разработчик на С под Linux (Data Plane),0,0,0,https://nn.hh.ru/vacancy/51000391?from=vacancy_search_list&query=Data,hh
758,Руководитель по управлению клиентской базой бизнес-сегмента,0,0,0,https://nn.hh.ru/vacancy/76073187?from=vacancy_search_list&query=Data,hh
759,"Content Auditor (English, Контент-менеджер/аналитик)",800,1000,бел.руб.,https://nn.hh.ru/vacancy/76926062?from=vacancy_search_list&query=Data,hh
760,Senior Research Manager/Старший менеджер по медиа исследованиям,0,0,0,https://nn.hh.ru/vacancy/76828203?from=vacancy_search_list&query=Data,hh
761,Разработчик SQL,0,0,0,https://nn.hh.ru/vacancy/77113637?from=vacancy_search_list&query=Data,hh
762,Аналитик данных,0,0,0,https://nn.hh.ru/vacancy/72050409?from=vacancy_search_list&query=Data,hh
763,Аналитик/Ведущий аналитик DWH,0,0,0,https://nn.hh.ru/vacancy/77208557?from=vacancy_search_list&query=Data,hh
764,Scala / Java Developer,100000,0,руб.,https://nn.hh.ru/vacancy/76384041?from=vacancy_search_list&query=Data,hh
765,IT Project Manager (Data/Applications Migration Projects),0,0,0,https://nn.hh.ru/vacancy/77147503?from=vacancy_search_list&query=Data,hh
766,Разработчик КХД / Главный специалист ETL,0,0,0,https://nn.hh.ru/vacancy/77146990?from=vacancy_search_list&query=Data,hh
767,Главный аналитик Machine Learning (Python/SAS),0,0,0,https://nn.hh.ru/vacancy/77134058?from=vacancy_search_list&query=Data,hh
768,Head of Product,0,0,0,https://nn.hh.ru/vacancy/76834801?from=vacancy_search_list&query=Data,hh
769,Senior продуктовый аналитик в команду отелей сервиса путешествий,0,0,0,https://nn.hh.ru/vacancy/76924476?from=vacancy_search_list&query=Data,hh
770,Менеджер по интеграциям,70000,130000,руб.,https://nn.hh.ru/vacancy/76089189?from=vacancy_search_list&query=Data,hh
771,DevOPS / SRE Engineer,0,5000,USD,https://nn.hh.ru/vacancy/76801149?from=vacancy_search_list&query=Data,hh
772,Системный администратор Hadoop,0,0,0,https://nn.hh.ru/vacancy/75750408?from=vacancy_search_list&query=Data,hh
773,Менеджер по инвестиционному маркетингу,0,0,0,https://nn.hh.ru/vacancy/75942091?from=vacancy_search_list&query=Data,hh
774,Senior Information Security Officer (to Cyprus),0,0,0,https://nn.hh.ru/vacancy/76737055?from=vacancy_search_list&query=Data,hh
775,CMO (content marketing),0,0,0,https://nn.hh.ru/vacancy/77206755?from=vacancy_search_list&query=Data,hh
776,Бизнес-аналитик в отдел управленческой отчетности (Финансовый департамент),0,0,0,https://nn.hh.ru/vacancy/71494399?from=vacancy_search_list&query=Data,hh
777,BI Analyst,0,0,0,https://nn.hh.ru/vacancy/77216003?from=vacancy_search_list&query=Data,hh
778,Quant / Data Scientist (Руководитель направления Управление рисками),0,0,0,https://nn.hh.ru/vacancy/72740316?from=vacancy_search_list&query=Data,hh
779,Системный аналитик (проект СПАРК-Интерфакс),0,0,0,https://nn.hh.ru/vacancy/76415530?from=vacancy_search_list&query=Data,hh
780,"Разработчик Hadoop (Scala, Spark)",0,0,0,https://nn.hh.ru/vacancy/77120323?from=vacancy_search_list&query=Data,hh
781,Lead generation specialist / Sales Development Representative,0,0,0,https://nn.hh.ru/vacancy/77036639?from=vacancy_search_list&query=Data,hh
782,"Content Auditor (English, Контент-менеджер/аналитик)",800,1000,бел.руб.,https://nn.hh.ru/vacancy/76926114?from=vacancy_search_list&query=Data,hh
783,Главный специалист-эксперт/аналитик,40000,50000,руб.,https://nn.hh.ru/vacancy/72683790?from=vacancy_search_list&query=Data,hh
784,Системный аналитик DWH,0,0,0,https://nn.hh.ru/vacancy/67854344?from=vacancy_search_list&query=Data,hh
785,"Разработчик интеграционных систем (Kafka, Rabbit)",0,0,0,https://nn.hh.ru/vacancy/76958117?from=vacancy_search_list&query=Data,hh
786,Strategic Planning Manager,0,0,0,https://nn.hh.ru/vacancy/77135420?from=vacancy_search_list&query=Data,hh
787,Специалист по контекстной рекламе,0,0,0,https://nn.hh.ru/vacancy/75632777?from=vacancy_search_list&query=Data,hh
788,Devops Lead,0,0,0,https://nn.hh.ru/vacancy/76346386?from=vacancy_search_list&query=Data,hh
789,Руководитель направления (Product Lead - DATA),0,0,0,https://nn.hh.ru/vacancy/75918024?from=vacancy_search_list&query=Data,hh
790,Product Owner,0,150000,руб.,https://nn.hh.ru/vacancy/76698904?from=vacancy_search_list&query=Data,hh
791,Разработчик,0,0,0,https://nn.hh.ru/vacancy/77124841?from=vacancy_search_list&query=Data,hh
792,Разработчик Python (ETL),0,0,0,https://nn.hh.ru/vacancy/77077906?from=vacancy_search_list&query=Data,hh
793,Delivery Manager,0,0,0,https://nn.hh.ru/vacancy/77090976?from=vacancy_search_list&query=Data,hh
794,Data engineer / Разработчик DWH / ETL developer,0,0,0,https://nn.hh.ru/vacancy/72673144?from=vacancy_search_list&query=Data,hh
795,Team Lead (Применение моделей),0,0,0,https://nn.hh.ru/vacancy/76350205?from=vacancy_search_list&query=Data,hh
796,QA Engineer,0,0,0,https://nn.hh.ru/vacancy/76383959?from=vacancy_search_list&query=Data,hh
797,"Team lead, ML направление",0,0,0,https://nn.hh.ru/vacancy/76942629?from=vacancy_search_list&query=Data,hh
798,Разработчик ETL Framework,0,0,0,https://nn.hh.ru/vacancy/77093570?from=vacancy_search_list&query=Data,hh
799,Ведущий веб-аналитик,0,0,0,https://nn.hh.ru/vacancy/73237947?from=vacancy_search_list&query=Data,hh
